image_id,breed
7ede553357,nerodia-sipedon
3500b219e4,agkistrodon-piscivorus
d43a78d6d9,crotalus-atrox
1f36f26994,storeria-dekayi
8cb85fc58e,crotalus-atrox
7176bcfe9a,lampropeltis-triangulum
27f2d0f582,thamnophis-sirtalis
43eebba928,nerodia-sipedon
180a56f143,pantherophis-obsoletus
07fd20e8bd,agkistrodon-piscivorus
d6145eb8ef,storeria-dekayi
43cf88006f,storeria-dekayi
545094975f,crotalus-atrox
de232d35ce,storeria-dekayi
f49f11daf4,lampropeltis-triangulum
be70c24805,crotalus-atrox
8a68c61789,agkistrodon-contortrix
e4a0afbde5,pantherophis-obsoletus
5d046e4a57,heterodon-platirhinos
9450d432f1,agkistrodon-piscivorus
24ae6b28c9,crotalus-atrox
bbbcf461fd,heterodon-platirhinos
25f864a129,thamnophis-sirtalis
9d63e29dab,pantherophis-obsoletus
560a7820ef,agkistrodon-contortrix
261a672081,pituophis-catenifer
e08cecfcc8,crotalus-atrox
dcbaefa9de,crotalus-atrox
4757eec719,pituophis-catenifer
7a5772b7df,crotalus-atrox
756a3734d1,pantherophis-vulpinus
bcb51ed4fd,crotalus-ruber
b28a9dbd17,thamnophis-sirtalis
84496bd65b,nerodia-sipedon
97254f0a1e,thamnophis-sirtalis
738e860bf3,pantherophis-obsoletus
5b04af2d08,lampropeltis-triangulum
df1007a11e,nerodia-sipedon
71e4a3726c,pituophis-catenifer
9ec71badf5,crotalus-atrox
9aaf30ca4e,storeria-dekayi
502dbd30e8,nerodia-sipedon
6a0948343e,agkistrodon-contortrix
a9c94931b4,lampropeltis-triangulum
94f8b871bc,nerodia-sipedon
65be04e1a7,agkistrodon-contortrix
553b5be83f,nerodia-sipedon
f156e4b9ad,heterodon-platirhinos
c195a35480,pituophis-catenifer
ba36d77d65,thamnophis-sirtalis
ac60cb4c64,pantherophis-obsoletus
e99babb9da,thamnophis-sirtalis
3f79415b22,pantherophis-obsoletus
07a7f4b8a2,agkistrodon-contortrix
8713b35996,crotalus-atrox
8161aa3270,nerodia-sipedon
c084141ebb,nerodia-sipedon
3f264dfa93,thamnophis-radix
ac29145967,nerodia-sipedon
14cc5c0b07,crotalus-atrox
0d53f3592b,nerodia-sipedon
339702c73e,thamnophis-sirtalis
d9282cfc2f,lampropeltis-californiae
7cbb3598a5,opheodrys-aestivus
7d23dd1a25,agkistrodon-piscivorus
302ae16a4f,storeria-dekayi
665ce5599e,pantherophis-alleghaniensis
7fe9ccee38,crotalus-atrox
b4ee296fbe,storeria-dekayi
463302e361,crotalus-atrox
a18b060715,thamnophis-proximus
72b767e027,thamnophis-sirtalis
28c9bd4b10,nerodia-sipedon
a8cf67b3cd,lampropeltis-triangulum
dc0bd440c3,opheodrys-aestivus
1b558cc89f,storeria-dekayi
23a5181788,diadophis-punctatus
17e5f4b5bf,crotalus-atrox
45708c6f17,thamnophis-sirtalis
90e93122c1,diadophis-punctatus
9aac958618,lampropeltis-triangulum
23f9ca3329,thamnophis-sirtalis
3702f63d72,thamnophis-sirtalis
142b516abc,thamnophis-sirtalis
db55095044,pituophis-catenifer
2532449658,pituophis-catenifer
521ce40402,thamnophis-sirtalis
5bdb8079ed,storeria-dekayi
2b88eaac56,thamnophis-sirtalis
f11e311c90,pantherophis-obsoletus
75b79378c3,thamnophis-sirtalis
8f457bca60,crotalus-atrox
4aae3ed36b,opheodrys-aestivus
7e85692fa2,storeria-dekayi
8557e64d0e,pantherophis-vulpinus
f590310834,nerodia-sipedon
6ce6de9def,thamnophis-sirtalis
5e13f84aae,thamnophis-sirtalis
3f595dc653,diadophis-punctatus
28fc7c65cc,thamnophis-sirtalis
2e6627723a,crotalus-atrox
759223778f,agkistrodon-contortrix
68e08979eb,lampropeltis-triangulum
b51b666b0a,pantherophis-obsoletus
1134c2556d,storeria-dekayi
e10bcc9899,crotalus-atrox
4d84d06252,storeria-dekayi
71792ec7f9,crotalus-horridus
87fff43cf4,pantherophis-alleghaniensis
d0d91b6a16,thamnophis-proximus
b1606f2410,thamnophis-sirtalis
f9a3564f88,storeria-dekayi
8bdccf2baf,storeria-dekayi
abbfa54027,crotalus-atrox
ca469b7a27,pantherophis-guttatus
95a51a0fcd,pituophis-catenifer
8ef78ef2d3,pantherophis-obsoletus
e21af6d4b9,crotalus-atrox
221b1ee2f1,pantherophis-alleghaniensis
b2c3d5d9fb,thamnophis-sirtalis
526c9eac74,crotalus-atrox
a38e41fd76,diadophis-punctatus
b2ba21f052,crotalus-horridus
3b9b67ba03,thamnophis-sirtalis
327b772827,lampropeltis-triangulum
2afdb4999f,pantherophis-vulpinus
0cbf1992d0,storeria-dekayi
c822ae5d01,thamnophis-sirtalis
5405370c87,thamnophis-sirtalis
092388daba,thamnophis-proximus
99a3b654d0,crotalus-atrox
e0f8e741d4,storeria-dekayi
5d9cf27241,nerodia-sipedon
632bed91e6,opheodrys-aestivus
83d7c726d0,thamnophis-radix
2555c7e7ce,thamnophis-sirtalis
2b9180fb4f,diadophis-punctatus
e211c36384,nerodia-sipedon
06b96eed56,crotalus-atrox
d8fe032fe4,diadophis-punctatus
366c0f8d42,nerodia-sipedon
be80579760,agkistrodon-contortrix
a4ff6226a3,agkistrodon-contortrix
53da6f2a06,pituophis-catenifer
509628b6d3,pituophis-catenifer
75206b0c2d,crotalus-atrox
c3e988cbe7,coluber-constrictor
bf3224d5bb,thamnophis-sirtalis
2d45d24990,thamnophis-sirtalis
217a85c6a0,storeria-dekayi
f910b4dafd,thamnophis-sirtalis
dbc89aa6fc,thamnophis-sirtalis
e0c882d7b5,thamnophis-sirtalis
bbd20396ee,opheodrys-aestivus
a9bd8d4550,storeria-dekayi
f9315c3d9d,crotalus-atrox
c53c61ff1d,agkistrodon-contortrix
ae76c25b30,crotalus-atrox
0554b687c1,pantherophis-obsoletus
8227ee21d5,nerodia-sipedon
e63f970c24,crotalus-atrox
5a7a965d51,diadophis-punctatus
6f885777ae,crotalus-horridus
c63d4c04d9,pantherophis-vulpinus
d678d67897,pituophis-catenifer
03d156d9ee,crotalus-atrox
39d5cf451b,pantherophis-obsoletus
c8583aa3f1,nerodia-sipedon
72fd0c7625,pantherophis-guttatus
89428de91a,coluber-constrictor
e3ad957f8f,pituophis-catenifer
4b49ad90af,agkistrodon-piscivorus
e4ff7155e8,lampropeltis-triangulum
eaa331f24e,storeria-dekayi
28edbbefda,diadophis-punctatus
aa1015e3c8,pantherophis-obsoletus
644033bba9,pantherophis-alleghaniensis
c612cc9390,coluber-constrictor
6870b31b63,storeria-dekayi
b22d6d545d,thamnophis-sirtalis
bf1adbeecc,crotalus-atrox
16e1861f42,pantherophis-obsoletus
8e7302d0c7,pantherophis-obsoletus
473b09a338,crotalus-atrox
80da1ca7fe,pantherophis-obsoletus
c3e38fc290,pantherophis-obsoletus
901a78b5f6,agkistrodon-contortrix
250946e33d,storeria-dekayi
71bb3b775f,thamnophis-sirtalis
58e653c556,nerodia-sipedon
ff0d70fb78,thamnophis-sirtalis
bbbaf02d7b,thamnophis-proximus
a8729cbe08,crotalus-atrox
e754670fa9,storeria-dekayi
d51800edfc,pituophis-catenifer
54705e5068,lampropeltis-triangulum
2d26350d5f,nerodia-sipedon
65ea1d3d84,crotalus-atrox
fc2019398b,crotalus-atrox
76bc77c3be,storeria-dekayi
ae5258ea04,thamnophis-sirtalis
8d8734a395,crotalus-atrox
a6ac17e3d8,pituophis-catenifer
2ca8252168,pantherophis-obsoletus
d81bbe11bb,nerodia-sipedon
fb1ea63ee1,crotalus-atrox
d7b6ef28af,crotalus-atrox
fe015ee591,lampropeltis-triangulum
e4f9ad2007,thamnophis-sirtalis
26758bec6d,nerodia-sipedon
23dd09c2b6,thamnophis-sirtalis
7c34e2cdec,agkistrodon-contortrix
6ec294cf12,storeria-dekayi
36d521dbd5,thamnophis-radix
9a6e35d716,diadophis-punctatus
8bbc299a40,pituophis-catenifer
fd5e259ea8,diadophis-punctatus
db292dcc3b,thamnophis-sirtalis
f481c83182,thamnophis-sirtalis
4245d68d46,pantherophis-obsoletus
59e640bb91,crotalus-horridus
36c233f563,pantherophis-alleghaniensis
bc3799b2df,nerodia-sipedon
9e937f940b,crotalus-atrox
9a7b588cb9,storeria-dekayi
7ff5570d2f,crotalus-atrox
087903f361,nerodia-sipedon
6e66f9667f,thamnophis-proximus
60dd49f8d4,thamnophis-sirtalis
7064757509,crotalus-atrox
baa3f02141,crotalus-atrox
7dce396ff5,thamnophis-proximus
30a99aee44,crotalus-atrox
665b29ab42,thamnophis-sirtalis
a443ddb908,thamnophis-sirtalis
ac95eb1818,nerodia-sipedon
05a6798995,pantherophis-obsoletus
0241586560,storeria-dekayi
ff45fac73c,agkistrodon-piscivorus
013c73ee17,pantherophis-obsoletus
b93e2f9f5b,thamnophis-sirtalis
2b1413378c,diadophis-punctatus
9cb08cd05a,pantherophis-alleghaniensis
13aa42a7e4,pituophis-catenifer
641e266e15,storeria-dekayi
7b5344ccfd,crotalus-horridus
13cfe36156,nerodia-sipedon
e3638b66ab,pantherophis-obsoletus
0f5042aa5a,storeria-dekayi
79783161b7,diadophis-punctatus
195c38795c,pantherophis-obsoletus
0290d68533,lampropeltis-triangulum
2a2b711e1e,nerodia-sipedon
51622421a7,storeria-dekayi
9f4c9e5d29,nerodia-sipedon
55cf94ef25,pantherophis-alleghaniensis
8e3a442218,nerodia-sipedon
a5bd623c6a,agkistrodon-contortrix
192dd2d4b7,diadophis-punctatus
5b3791c4e4,lampropeltis-triangulum
4f3bb6e01a,diadophis-punctatus
9316eb7237,pituophis-catenifer
aa16a509cf,nerodia-sipedon
ad68959f68,crotalus-atrox
072f7c5df5,thamnophis-sirtalis
e6fe591e18,agkistrodon-contortrix
eed4cc6dda,thamnophis-sirtalis
6335735a8a,lampropeltis-californiae
40fb202092,haldea-striatula
8d34d1a83e,lampropeltis-triangulum
5d58cc2fb1,thamnophis-sirtalis
e073226ee2,pantherophis-alleghaniensis
630628b60b,pituophis-catenifer
c074d2a3c3,thamnophis-sirtalis
2c03979041,thamnophis-sirtalis
237efd22ef,thamnophis-sirtalis
5a23092d94,thamnophis-sirtalis
cebc8a3140,thamnophis-sirtalis
ddbb02224a,nerodia-sipedon
785ba4871f,lampropeltis-californiae
d19b66d326,pantherophis-obsoletus
f9b0800cb8,pituophis-catenifer
2f065830d7,agkistrodon-contortrix
b9893aa41a,crotalus-horridus
2c442a09ed,crotalus-atrox
ea100d15e2,pantherophis-obsoletus
9363d2c4be,crotalus-atrox
dd0dc5ba1a,lampropeltis-californiae
86b438d651,pantherophis-obsoletus
a7596b0dda,pituophis-catenifer
c0a9301d14,storeria-dekayi
59d4a652fa,thamnophis-sirtalis
9266faaacf,pantherophis-obsoletus
5c6713d750,crotalus-atrox
4a7b39ccff,pituophis-catenifer
c91233cf4f,pituophis-catenifer
316d089f08,lampropeltis-californiae
63bb9ed8c2,diadophis-punctatus
8ec81d1cab,nerodia-sipedon
0bef464da6,storeria-dekayi
e3497219ae,crotalus-atrox
259af44b24,storeria-dekayi
c52f2693cf,storeria-occipitomaculata
18f5184f2e,storeria-dekayi
728f07bb97,agkistrodon-contortrix
fba22fecef,thamnophis-sirtalis
fdbcf4aa99,crotalus-atrox
f8d202075f,thamnophis-sirtalis
369a02e471,storeria-dekayi
3e2cadfaa9,storeria-dekayi
0a59465b78,thamnophis-sirtalis
5717af5063,thamnophis-sirtalis
5a5ed0a9f9,nerodia-sipedon
503bd5a793,thamnophis-proximus
861b144528,pantherophis-obsoletus
2c1c60baac,crotalus-atrox
f583cab812,pituophis-catenifer
98e28ee840,nerodia-fasciata
e981adefe8,crotalus-atrox
847dcb005c,crotalus-atrox
2bdd1204df,pituophis-catenifer
436a5443a6,diadophis-punctatus
b474fba6f6,pantherophis-obsoletus
4a52d81d06,pituophis-catenifer
e04df53f33,crotalus-atrox
6e0bc47bff,pituophis-catenifer
00a9bba384,storeria-dekayi
c34e07aea2,storeria-dekayi
ddb3fdca4e,crotalus-horridus
772912b335,crotalus-atrox
d2d8c969f4,thamnophis-sirtalis
05c0503e80,pantherophis-obsoletus
0a2842082d,lampropeltis-triangulum
f63ccbe5e4,pantherophis-obsoletus
7c71df0f36,storeria-dekayi
b812b08083,crotalus-atrox
aa46c84394,nerodia-sipedon
172ea701fa,crotalus-atrox
4da6e0c4b1,agkistrodon-contortrix
2680cb138a,nerodia-fasciata
042411e752,agkistrodon-contortrix
3a90a92e92,opheodrys-aestivus
194d8bc5a0,thamnophis-proximus
1ac35b5307,pantherophis-guttatus
bd26891431,crotalus-atrox
9bcdad786e,storeria-dekayi
3fbfac0bbb,pantherophis-obsoletus
d9f6166852,crotalus-atrox
c27414795d,pantherophis-obsoletus
031d5fd2dd,lampropeltis-californiae
b359100fa4,opheodrys-aestivus
999b3783d7,thamnophis-sirtalis
959cdb0f88,thamnophis-sirtalis
8fa0dcc6df,thamnophis-sirtalis
8ea058e917,storeria-dekayi
ae46441c69,crotalus-atrox
b08c38c7f7,pantherophis-alleghaniensis
328d66a6d0,storeria-dekayi
5ac5adfab9,agkistrodon-contortrix
593c3b2407,thamnophis-sirtalis
5d701c6be6,pantherophis-obsoletus
b6bcd1799a,thamnophis-elegans
b3494fd089,storeria-dekayi
0448002637,crotalus-atrox
fff8bffdb0,crotalus-atrox
0cbc0f68b6,thamnophis-sirtalis
0debda08e0,agkistrodon-contortrix
d0283c614b,pantherophis-obsoletus
2dbe75a840,lampropeltis-triangulum
6d998bc9af,thamnophis-sirtalis
3ff941e398,pantherophis-obsoletus
a9410566e4,crotalus-atrox
358af00cdd,crotalus-atrox
e4ab7ba2ab,diadophis-punctatus
b07f81508c,nerodia-sipedon
3b1799fe42,pituophis-catenifer
3d6339ea74,thamnophis-sirtalis
2163674737,crotalus-atrox
d99ab56103,pituophis-catenifer
54ba70e3cc,lampropeltis-triangulum
545ed78e38,pituophis-catenifer
e7d07009df,storeria-dekayi
f6ec7eba7b,pantherophis-obsoletus
64c3ac5ad0,crotalus-atrox
b72ce0175f,pantherophis-guttatus
b894d764f5,crotalus-horridus
cf5d7c4e17,storeria-dekayi
58663371a3,pantherophis-obsoletus
81bf550daa,nerodia-sipedon
37f5ad479e,nerodia-erythrogaster
3c8edae2a4,diadophis-punctatus
4cb468d415,pantherophis-obsoletus
92e04ca324,thamnophis-sirtalis
11373da95a,agkistrodon-contortrix
6a3bcbcf4a,opheodrys-aestivus
a5f24a2ecc,crotalus-atrox
1edabbc312,opheodrys-aestivus
96aee5ec60,lampropeltis-triangulum
4598203b0a,pituophis-catenifer
6bd8b7a823,crotalus-atrox
54f91fbb3a,pituophis-catenifer
b9d8bbfa03,nerodia-sipedon
72f1ff130d,crotalus-atrox
2eccd64667,thamnophis-sirtalis
2546d11351,thamnophis-sirtalis
b09f1d031b,storeria-dekayi
bd5a29330a,nerodia-sipedon
4451e8bf97,crotalus-atrox
86a4573103,thamnophis-proximus
da7212161e,crotalus-atrox
aa1da0bc83,agkistrodon-contortrix
6e802f864c,storeria-dekayi
8eaa4e8d18,thamnophis-sirtalis
ffa547380d,crotalus-horridus
776bf9c3e7,pantherophis-obsoletus
f6058731c7,nerodia-sipedon
3137a9d8f4,pantherophis-obsoletus
c5eda48da7,nerodia-sipedon
23e13b5ba3,thamnophis-sirtalis
c264755582,storeria-dekayi
958f27ae53,crotalus-atrox
f1ce7a658c,crotalus-atrox
897932c055,nerodia-sipedon
a17470a422,crotalus-atrox
f756da9b22,storeria-dekayi
83f99d01b7,rhinocheilus-lecontei
1c097f3bb5,pituophis-catenifer
638716b738,agkistrodon-contortrix
74772031c5,thamnophis-sirtalis
94f3aa78e0,pituophis-catenifer
c0f734db4f,storeria-occipitomaculata
4f9c43f59c,diadophis-punctatus
1b32d18277,opheodrys-aestivus
2145486df9,pituophis-catenifer
9e779ef62b,nerodia-sipedon
caa85de8a4,heterodon-platirhinos
dab850c45f,crotalus-atrox
326a993691,lampropeltis-triangulum
1a313e58c0,crotalus-atrox
eacde65a87,crotalus-horridus
16ef599310,pituophis-catenifer
a1a1d8f4d3,nerodia-sipedon
b66574f0cb,diadophis-punctatus
dadd875c98,thamnophis-sirtalis
35f3e07f8a,agkistrodon-contortrix
35b25084a8,storeria-dekayi
5be6313607,pantherophis-obsoletus
5e4b3549cb,storeria-dekayi
14af77c260,diadophis-punctatus
a3ffe15ad1,thamnophis-sirtalis
fcf5b7e439,pituophis-catenifer
510f5e1945,storeria-dekayi
99d309ee88,crotalus-atrox
c5ba6d87e2,storeria-dekayi
0a00cdd2b8,agkistrodon-contortrix
9e10b0843c,storeria-dekayi
9818345fa3,agkistrodon-contortrix
424b8caccf,pituophis-catenifer
291cd9c481,crotalus-atrox
0c02a2f5d7,lampropeltis-triangulum
3393c3a6eb,crotalus-atrox
18e8e49c6a,storeria-dekayi
45245a5e5a,nerodia-sipedon
13696d31fb,thamnophis-sirtalis
41e720d7de,pantherophis-vulpinus
40303088fa,nerodia-erythrogaster
67d1d73480,pantherophis-alleghaniensis
4e3e773484,storeria-dekayi
7517bb0623,storeria-dekayi
559133de50,crotalus-atrox
9ae22849c1,crotalus-horridus
c5ff38ff68,pituophis-catenifer
71e572d33f,thamnophis-sirtalis
332e5c6785,crotalus-atrox
6003bbcbf9,pantherophis-obsoletus
5c17e68b40,thamnophis-sirtalis
bad9a60677,thamnophis-sirtalis
209b809200,pituophis-catenifer
f2b9362dd4,crotalus-atrox
8de60975b5,nerodia-sipedon
8add8bfac9,pituophis-catenifer
0d5c403d38,nerodia-sipedon
d483f5a5ce,crotalus-atrox
7836689238,diadophis-punctatus
724a385d2e,thamnophis-sirtalis
64e02bed8b,storeria-dekayi
3133cffd8c,pantherophis-alleghaniensis
ebd7ad9677,nerodia-sipedon
fe50e904ff,nerodia-sipedon
7f4df9bad8,thamnophis-radix
b083b3bdfc,crotalus-atrox
5ac813acff,nerodia-sipedon
35084d1574,crotalus-horridus
9bbb1238dd,thamnophis-sirtalis
54da60ecca,pantherophis-obsoletus
8139d8a08f,nerodia-sipedon
cf4b998e06,thamnophis-sirtalis
50ff72a201,pantherophis-vulpinus
a0969f71a4,diadophis-punctatus
64b71700c0,pantherophis-obsoletus
420c648f8f,diadophis-punctatus
b48998dacd,thamnophis-sirtalis
d6ce6db8ac,crotalus-horridus
f359a3a1cb,thamnophis-sirtalis
3e27aded25,crotalus-atrox
9baf0c175d,storeria-dekayi
60cd847169,crotalus-atrox
8cc2b43e73,agkistrodon-contortrix
e635e0301a,crotalus-atrox
53ad81ecbf,diadophis-punctatus
bd77bff983,crotalus-atrox
e4b948cde5,storeria-dekayi
7a85d0a38f,lampropeltis-triangulum
6e104122dd,agkistrodon-contortrix
0bd440f886,thamnophis-marcianus
cfe48a6766,pantherophis-alleghaniensis
dea4ad3c5c,crotalus-atrox
a70db3f4e2,nerodia-sipedon
73801d11da,nerodia-erythrogaster
91b9c66b6c,pituophis-catenifer
7fa218f587,crotalus-atrox
89aac8751e,pantherophis-guttatus
ccd99e20ab,agkistrodon-contortrix
3d4e749f5c,crotalus-atrox
d981710b5c,storeria-dekayi
52eec0f3fb,crotalus-horridus
7b01622a45,lampropeltis-triangulum
d8f3e2543c,crotalus-atrox
3da58beca1,pituophis-catenifer
27cc745b4e,storeria-dekayi
19e640cfea,thamnophis-proximus
e97ad14aa0,thamnophis-sirtalis
fee6ac0981,thamnophis-sirtalis
7688910bf6,storeria-dekayi
e207f9f8e1,pantherophis-guttatus
38cfa09840,storeria-dekayi
e8c28b1fa8,diadophis-punctatus
14b9eb3c99,pituophis-catenifer
90b9422778,nerodia-erythrogaster
55c6c72734,diadophis-punctatus
1b74b10f63,nerodia-sipedon
dbe94ca39f,nerodia-sipedon
2467f2a466,agkistrodon-contortrix
87c3cc64a9,diadophis-punctatus
f4f5dd040b,pituophis-catenifer
f32d83944c,lampropeltis-triangulum
de0c5e9a87,crotalus-atrox
aff4a2c922,thamnophis-sirtalis
f96291b278,diadophis-punctatus
c64eb91ae4,diadophis-punctatus
2ae2c1199a,nerodia-sipedon
c032ab6ee3,crotalus-atrox
33e62ea503,storeria-dekayi
4d5e7f22ae,thamnophis-sirtalis
daa2966222,pituophis-catenifer
a5234ec3be,crotalus-atrox
80eead3616,diadophis-punctatus
ade437840f,thamnophis-sirtalis
2db8ff4d4f,nerodia-sipedon
b3b1353fab,pituophis-catenifer
c449df8761,diadophis-punctatus
59979fbad2,crotalus-atrox
f4698088c6,pantherophis-vulpinus
532b83a570,pantherophis-obsoletus
0e287bd3a4,thamnophis-proximus
62a0846a7f,pantherophis-vulpinus
3fc4c2a5e1,crotalus-atrox
4d2299d5dc,lampropeltis-triangulum
416b4750da,pituophis-catenifer
dfee6504e3,pituophis-catenifer
bba431d5d4,thamnophis-sirtalis
d50e9b77ce,storeria-dekayi
423c84462d,crotalus-atrox
d8854a4d6f,agkistrodon-contortrix
06bfe160bc,thamnophis-sirtalis
b53265ae30,opheodrys-aestivus
4f7b14d1e9,diadophis-punctatus
b0e5cdcf65,lampropeltis-triangulum
3d90e98161,thamnophis-sirtalis
385387e75a,pantherophis-obsoletus
a016fbf111,pantherophis-vulpinus
79d92b5155,thamnophis-proximus
e8556cf2b3,diadophis-punctatus
b68aec61a9,storeria-dekayi
6245275771,pantherophis-obsoletus
9af6f4bbb1,nerodia-erythrogaster
e2839b926b,storeria-dekayi
8d2f2c54a1,crotalus-atrox
1e8f52cf8e,crotalus-atrox
c2bfddaefb,nerodia-sipedon
fcac77e8e3,pantherophis-alleghaniensis
a6eefff8e9,crotalus-atrox
48be242050,opheodrys-aestivus
e849f57aaa,crotalus-atrox
75053513e4,thamnophis-sirtalis
0b6092dd9f,pantherophis-alleghaniensis
f10dbb60ad,crotalus-atrox
6fd275d6f8,pantherophis-obsoletus
7b110332b2,pantherophis-alleghaniensis
02b5ce8a0d,lampropeltis-californiae
e286457476,crotalus-atrox
2fd9e2eee6,pantherophis-alleghaniensis
b79eb2b0fb,crotalus-atrox
f5315a5875,crotalus-atrox
db4493bb17,pantherophis-obsoletus
4ebadc4b4b,storeria-dekayi
c98bc697c6,thamnophis-sirtalis
e3c6ba694a,thamnophis-sirtalis
783481beb0,pituophis-catenifer
f29333e380,storeria-dekayi
c3fb1dacc1,pituophis-catenifer
5b15bac5c2,lampropeltis-triangulum
cd0721eb2a,thamnophis-sirtalis
1e2ae139b7,thamnophis-sirtalis
79553e62b3,lampropeltis-triangulum
cdbedb45cd,nerodia-sipedon
ee52483077,storeria-dekayi
1fac89750a,pantherophis-alleghaniensis
86a2ca0b18,pantherophis-vulpinus
d3a5b62b1f,thamnophis-sirtalis
5276b71b91,pituophis-catenifer
eff565b0e9,thamnophis-sirtalis
a0853d1197,opheodrys-aestivus
38782ebfe4,masticophis-flagellum
a16e3dec1e,crotalus-atrox
223cc7e8a6,pantherophis-obsoletus
fed1568a6c,lampropeltis-triangulum
f2f891850d,pituophis-catenifer
22580dc310,diadophis-punctatus
4b2040859d,nerodia-sipedon
c40f2cf547,lampropeltis-triangulum
8a1f773d30,thamnophis-sirtalis
26e77de0d3,nerodia-sipedon
3898d993ce,diadophis-punctatus
4c48326692,heterodon-platirhinos
639ea18f23,storeria-dekayi
6447cbdb15,diadophis-punctatus
2fab3b74e1,crotalus-viridis
70d03492db,thamnophis-sirtalis
df50ba8c91,lampropeltis-triangulum
e68457fe19,thamnophis-sirtalis
b4ad055b21,lampropeltis-triangulum
f10e985810,thamnophis-sirtalis
ee41d19ab2,crotalus-atrox
5af19d853b,pantherophis-obsoletus
e3e76a3d9c,pantherophis-alleghaniensis
59bcc84d9c,storeria-dekayi
49cd434b18,crotalus-atrox
ce31772330,pituophis-catenifer
08e0a784b9,opheodrys-aestivus
b38fb09f8b,crotalus-atrox
1025e29ab7,pituophis-catenifer
98e71c5873,pituophis-catenifer
ec7956ab61,pantherophis-obsoletus
8221410682,crotalus-atrox
51ee9e04f0,nerodia-sipedon
96d75bfe8f,thamnophis-sirtalis
8601628d1f,storeria-dekayi
3dfa5ad947,pituophis-catenifer
affc413c04,storeria-dekayi
8d0378446f,thamnophis-sirtalis
d4575182a3,crotalus-atrox
64b48406af,nerodia-sipedon
371a621202,crotalus-atrox
aef6cdef7f,nerodia-sipedon
5767b7291d,lampropeltis-triangulum
bce7024134,agkistrodon-contortrix
1e8ba66e6d,diadophis-punctatus
1cca4dde7e,storeria-dekayi
0497ecfd64,crotalus-viridis
80cd47b8be,opheodrys-aestivus
48470bf29b,storeria-dekayi
21c06dfcf8,nerodia-sipedon
a0bce2082d,agkistrodon-contortrix
a14372c89f,storeria-dekayi
1a7e4bd4c6,nerodia-sipedon
77b61563ed,lampropeltis-californiae
bbbcedc4c0,nerodia-sipedon
baba9a2a38,agkistrodon-contortrix
6fd6c6ccf6,storeria-dekayi
1cef56fb1e,storeria-dekayi
5f6f35c987,pituophis-catenifer
d1eb8d51ae,agkistrodon-contortrix
4617ca078b,crotalus-atrox
77b4a4a25c,pituophis-catenifer
c2955c5d83,nerodia-sipedon
67d5a9efbe,thamnophis-sirtalis
0fe9a54c20,agkistrodon-contortrix
5b30be5fe9,crotalus-atrox
6469909eb8,thamnophis-sirtalis
b81a1b1d90,thamnophis-sirtalis
e2363c1554,crotalus-atrox
0cff3cb843,storeria-dekayi
1b340371e5,thamnophis-sirtalis
00e8ba3531,storeria-dekayi
dee1e6d310,pantherophis-obsoletus
e264f04ce9,crotalus-horridus
ddd56ba0c0,rhinocheilus-lecontei
c1cbf83f28,crotalus-atrox
13275759e4,agkistrodon-contortrix
d37b0ef11f,pantherophis-obsoletus
898d62255d,pantherophis-obsoletus
f9bbc7153a,crotalus-horridus
f8ac5953cb,pituophis-catenifer
ad9921a2aa,diadophis-punctatus
a5f85aab22,agkistrodon-contortrix
c6234d79bb,pantherophis-obsoletus
771f6f3fe6,thamnophis-sirtalis
688b29b043,crotalus-atrox
19ccba64b3,storeria-dekayi
72115baab1,heterodon-platirhinos
6becc6093d,storeria-dekayi
7855bae864,opheodrys-aestivus
d50acbddb2,nerodia-sipedon
83899a6b49,nerodia-sipedon
11e97175b8,agkistrodon-contortrix
5980c7a6f7,thamnophis-sirtalis
2d61b82de7,nerodia-sipedon
1f90c834c5,crotalus-atrox
e0474c1be9,crotalus-atrox
96dbc2f29b,pantherophis-obsoletus
d1b7d9ba22,nerodia-sipedon
fd2f1d3113,thamnophis-sirtalis
928460dde9,agkistrodon-contortrix
d63c0e9fdc,crotalus-atrox
78ed1037b8,pituophis-catenifer
b3fe7d062c,pantherophis-obsoletus
9315549d3a,storeria-dekayi
c3bd25298d,storeria-dekayi
8f92043d8f,pantherophis-alleghaniensis
9069355571,pantherophis-obsoletus
a1e486d349,crotalus-atrox
bbaf558ecf,agkistrodon-contortrix
516de4c918,pituophis-catenifer
3a8c8aa252,crotalus-atrox
44aa210a3e,crotalus-atrox
64553a6913,thamnophis-sirtalis
e90ba4331c,pantherophis-alleghaniensis
11649cec48,thamnophis-sirtalis
c3444151d5,crotalus-atrox
37ee5eb735,pantherophis-alleghaniensis
3f36710eb6,lampropeltis-triangulum
624b2cc236,pantherophis-guttatus
0c9a05356b,diadophis-punctatus
aa4b3d2785,pituophis-catenifer
8a43339a29,nerodia-sipedon
a11bf6e766,pantherophis-guttatus
3d1b0e14ff,opheodrys-aestivus
a698472a57,crotalus-atrox
3e733e66de,nerodia-sipedon
7a374981e5,crotalus-atrox
45bd4f73b1,diadophis-punctatus
e17bb727be,lampropeltis-triangulum
c79bcf2098,agkistrodon-contortrix
1f6403d491,storeria-dekayi
93ad7fe563,opheodrys-aestivus
47e8f1b843,thamnophis-sirtalis
c5c1619dee,crotalus-viridis
ee52b1c3e4,crotalus-atrox
bdfce30128,lampropeltis-californiae
bcfa129e05,nerodia-sipedon
c3007e0e16,pituophis-catenifer
e3e8505f6f,lampropeltis-triangulum
60c5ab7fe1,nerodia-sipedon
af58bb743b,diadophis-punctatus
eab49156d7,pantherophis-obsoletus
847a278c9a,crotalus-atrox
22b4344fa1,crotalus-atrox
0297424cbd,thamnophis-sirtalis
e9aac999b1,storeria-dekayi
45df9e533a,crotalus-atrox
ac57aad226,lampropeltis-triangulum
79b4ba46ed,crotalus-atrox
890c0055e6,nerodia-sipedon
b83e0a56e3,opheodrys-aestivus
ca0e73a30b,thamnophis-sirtalis
5feb234354,storeria-dekayi
7f8f6794e6,pantherophis-alleghaniensis
a4c523e2b2,pantherophis-obsoletus
817e074b35,lampropeltis-triangulum
7019567057,thamnophis-sirtalis
6fecaaf9f8,crotalus-atrox
1bac862621,rhinocheilus-lecontei
ad72ea0194,crotalus-atrox
58cd93d84d,storeria-dekayi
797bf37edf,storeria-dekayi
6c1f740183,lampropeltis-triangulum
22ee9b9874,nerodia-erythrogaster
586ba03c24,crotalus-atrox
fec707022c,storeria-dekayi
eab43ca7a3,thamnophis-sirtalis
311d69ffb9,pituophis-catenifer
a45609e2f1,crotalus-atrox
2b9e221d99,diadophis-punctatus
f8b43d780b,pituophis-catenifer
b982fadd00,thamnophis-sirtalis
59cff921b2,storeria-dekayi
3f304c3d86,agkistrodon-contortrix
d6f1eb568f,diadophis-punctatus
0f1924cf80,pantherophis-obsoletus
f5b2a347ff,crotalus-atrox
dd818fb360,crotalus-horridus
e8fe7df5ad,pantherophis-guttatus
cf79767545,opheodrys-aestivus
6f4a0cf636,storeria-dekayi
7cb6fcbad3,agkistrodon-contortrix
9a07607611,diadophis-punctatus
3f63e4612d,pantherophis-vulpinus
e5e4aeeaf7,pantherophis-obsoletus
a3c79fb490,storeria-dekayi
16fbebdc1f,diadophis-punctatus
274e3979b2,lampropeltis-triangulum
99e9171fcb,nerodia-sipedon
0f0969f7d7,crotalus-atrox
da7acc2a0f,crotalus-atrox
c685ea9df1,pituophis-catenifer
6fa95b4e8d,pantherophis-obsoletus
8ce3cee642,pantherophis-obsoletus
86915f6c43,storeria-dekayi
282ce15a59,pantherophis-alleghaniensis
21b66186b7,lampropeltis-californiae
7f9dafc904,storeria-dekayi
cfcbf6740c,pantherophis-vulpinus
7391e1f35e,crotalus-atrox
ac42c482a2,agkistrodon-contortrix
d400216179,pantherophis-obsoletus
18a1ebef0e,diadophis-punctatus
32fee7fe2c,nerodia-sipedon
bac648289c,crotalus-atrox
6a6723f2d9,storeria-dekayi
e81112e8d1,crotalus-horridus
481f91feb4,thamnophis-sirtalis
d5636c22bd,diadophis-punctatus
25bc9f384d,crotalus-atrox
eaa7edf8dc,crotalus-atrox
fdb05268b8,lampropeltis-triangulum
e7cf15f7c1,storeria-dekayi
3619f16494,crotalus-atrox
7a27082f24,pantherophis-alleghaniensis
8d98278446,crotalus-atrox
b9d53ffd45,crotalus-atrox
5d6b176f01,storeria-dekayi
e97ba49b46,nerodia-sipedon
1e04c22e2f,opheodrys-aestivus
790aa417c2,crotalus-atrox
b58213e015,pituophis-catenifer
042c0fc943,storeria-dekayi
47f515dbdc,pituophis-catenifer
84298633ca,crotalus-atrox
e5a6f90969,crotalus-atrox
93c3acd68a,crotalus-atrox
7cd411e836,lampropeltis-triangulum
78398b7b6c,lampropeltis-triangulum
59e07d0848,nerodia-sipedon
75b98c6e29,pituophis-catenifer
b681aee40c,crotalus-atrox
ac8fcab5ba,nerodia-sipedon
c68656ee58,storeria-dekayi
a1ae1155b3,crotalus-viridis
c685e04441,thamnophis-sirtalis
b24743c49c,storeria-dekayi
798c090b10,nerodia-sipedon
ea135d3a89,storeria-dekayi
c06284e0af,crotalus-atrox
fe4b15022b,crotalus-atrox
fbb94e594c,storeria-dekayi
5f7a87f204,thamnophis-sirtalis
ed8e92ecf1,crotalus-atrox
9885c6266a,crotalus-atrox
02a78ae220,pantherophis-obsoletus
7b7117f0c1,pantherophis-alleghaniensis
70355e73f8,diadophis-punctatus
2fc72ef3f4,crotalus-atrox
5d3e048c96,diadophis-punctatus
25623b3ce6,diadophis-punctatus
083e3b50fd,nerodia-sipedon
0f6b88fcfc,lampropeltis-triangulum
91370ed279,pantherophis-obsoletus
7245fe93b9,storeria-dekayi
9cb7c4fd24,pantherophis-obsoletus
7de50b5bdc,nerodia-sipedon
53a5a161de,lampropeltis-triangulum
59fe71d682,nerodia-sipedon
a8d2967840,lampropeltis-triangulum
3355a69bda,crotalus-atrox
5dbde45405,thamnophis-sirtalis
47e66422c8,pituophis-catenifer
adaa93af64,storeria-dekayi
4fadd04098,crotalus-atrox
1be8871524,agkistrodon-contortrix
ab0cd50587,crotalus-atrox
9b755092e4,pantherophis-alleghaniensis
1e998306c0,nerodia-sipedon
07f075d594,pantherophis-alleghaniensis
3d35b26c1a,crotalus-atrox
071901eca8,crotalus-atrox
022d71aae9,rhinocheilus-lecontei
4e8049b6d0,pantherophis-obsoletus
f354b8dfe7,pituophis-catenifer
f3a74d6ee0,crotalus-atrox
2289e09d6a,lampropeltis-californiae
70483cb8ea,agkistrodon-contortrix
4d53b5cb4d,thamnophis-proximus
e50bb5978a,diadophis-punctatus
48e9e8aff8,nerodia-sipedon
213acb4781,pantherophis-obsoletus
e93cd41190,diadophis-punctatus
7ca16d8c1b,storeria-dekayi
b7fe892e44,pituophis-catenifer
374615f6fb,diadophis-punctatus
5126df2646,thamnophis-sirtalis
1104584d38,agkistrodon-contortrix
dff6304429,thamnophis-sirtalis
0c2849a26e,crotalus-atrox
9d4ce5b72f,lampropeltis-triangulum
a141a881e2,nerodia-sipedon
33346242e2,agkistrodon-contortrix
0d20d1c1a2,pantherophis-obsoletus
731a90d84c,storeria-dekayi
5e4c1c7cc2,nerodia-sipedon
9db0bdd59d,opheodrys-aestivus
253843f209,nerodia-sipedon
e60709d049,opheodrys-aestivus
054a536789,rhinocheilus-lecontei
bf1a3b7b79,diadophis-punctatus
d0612f3e8a,crotalus-atrox
eebe64532a,pantherophis-alleghaniensis
79594b42ef,crotalus-atrox
bed81704c1,agkistrodon-contortrix
cbe0b8c85d,crotalus-horridus
5ae808f8fd,lampropeltis-triangulum
5d448c05e1,storeria-dekayi
4d051b9208,thamnophis-sirtalis
88c9cc598c,opheodrys-aestivus
e81c30e876,storeria-dekayi
b9a8b67b16,agkistrodon-contortrix
9dabb5ee25,diadophis-punctatus
7ca6b80658,thamnophis-sirtalis
f60d7f670e,agkistrodon-contortrix
55d9dd5142,nerodia-sipedon
882a08649b,diadophis-punctatus
12fda3c135,storeria-dekayi
8d13d818de,storeria-dekayi
deb68826e6,diadophis-punctatus
0b5507f2a9,diadophis-punctatus
6925f4782a,pituophis-catenifer
37f32fb0ba,diadophis-punctatus
dd832524fa,thamnophis-sirtalis
c1f4d42327,storeria-dekayi
d803830007,nerodia-sipedon
beec8cc1ba,thamnophis-sirtalis
11a5d8337e,pantherophis-obsoletus
f143d212b3,thamnophis-sirtalis
a77509b170,crotalus-atrox
5c3936c628,diadophis-punctatus
21deaeaa17,crotalus-atrox
1dcaaad800,storeria-dekayi
484413b8d3,nerodia-sipedon
8f25d1fc53,nerodia-sipedon
8d63dc0ed6,thamnophis-proximus
c85a468e26,storeria-dekayi
ba083e8689,pituophis-catenifer
f99d915b6b,crotalus-horridus
855bd99878,pituophis-catenifer
2266898888,diadophis-punctatus
46058d8161,nerodia-sipedon
c6a13f622c,agkistrodon-piscivorus
e0ed8038c6,storeria-dekayi
4c11e184fd,nerodia-sipedon
12e603532f,diadophis-punctatus
5180638e96,lampropeltis-triangulum
b04dd2adec,lampropeltis-triangulum
7066af3e95,crotalus-atrox
dfbfdc7fec,pantherophis-obsoletus
cfb3f52655,crotalus-atrox
a294303eeb,nerodia-sipedon
f7358c1693,thamnophis-sirtalis
9be3399776,thamnophis-proximus
7eab2c68bb,crotalus-atrox
2a95741853,lampropeltis-triangulum
d5b1906aa1,pantherophis-obsoletus
436330dda2,lampropeltis-californiae
d20b9db32d,storeria-dekayi
7aed34b899,storeria-dekayi
65406d36a7,nerodia-sipedon
f4853bcc67,thamnophis-sirtalis
c2719ab3f2,nerodia-erythrogaster
4d8f022e07,crotalus-atrox
6ef01917c6,crotalus-atrox
fae66dee74,storeria-dekayi
c1acdf0a74,haldea-striatula
3ded70d7c3,crotalus-horridus
83ab914a6d,opheodrys-aestivus
fdbb06d2b0,crotalus-atrox
29c12aa50b,thamnophis-sirtalis
f4402d15f7,storeria-dekayi
b1d252ae26,agkistrodon-contortrix
e12901072d,crotalus-atrox
d495120d71,thamnophis-sirtalis
4380a651bf,pantherophis-obsoletus
0dca38a9c9,storeria-dekayi
c0575f37ac,crotalus-ruber
85bbb1d3fc,crotalus-atrox
047788a264,nerodia-sipedon
cf6a306170,crotalus-atrox
3c187495d8,crotalus-atrox
93c4e94fba,diadophis-punctatus
a86943e07b,crotalus-atrox
c09b16ca15,nerodia-sipedon
9b478155ac,pituophis-catenifer
fdce965a85,storeria-dekayi
b86a0e9749,storeria-dekayi
72e92d074b,crotalus-atrox
442a001933,crotalus-atrox
f9ac703430,pantherophis-alleghaniensis
f41723b2b7,storeria-dekayi
9b4ad29201,diadophis-punctatus
0e7368ddf1,storeria-dekayi
b5905be265,pituophis-catenifer
af55a93714,pituophis-catenifer
b8022114ff,agkistrodon-contortrix
6869daa30d,crotalus-atrox
f6826f3a44,nerodia-sipedon
d846222a27,agkistrodon-contortrix
8d8b41be92,thamnophis-sirtalis
f5055dad14,storeria-dekayi
f5464b6c4d,opheodrys-aestivus
df783face0,pituophis-catenifer
5366409cc9,thamnophis-sirtalis
20070bf8e0,crotalus-horridus
a8ae4b2cc4,storeria-dekayi
ebbfcc7256,pantherophis-guttatus
e0af3ec1dc,opheodrys-aestivus
f8c29af6a4,pituophis-catenifer
51aeb208e1,agkistrodon-contortrix
4892a7b03e,crotalus-atrox
30d3a273c1,thamnophis-sirtalis
9dea0393b2,thamnophis-sirtalis
5b06a39081,nerodia-sipedon
9acd404c7b,crotalus-atrox
b6467c0d86,crotalus-atrox
ad18b657f0,nerodia-sipedon
fdf6135552,thamnophis-sirtalis
1af0a36d6c,pantherophis-alleghaniensis
547f6b9455,crotalus-atrox
bb222ddaa9,lampropeltis-californiae
3e53802c11,crotalus-atrox
44be6183a7,storeria-dekayi
c73c3c3b9b,thamnophis-proximus
f519f23157,crotalus-atrox
1e56fb5139,nerodia-sipedon
b4699a9c84,pantherophis-alleghaniensis
c25b2a530d,nerodia-sipedon
c0c6aa8b10,rhinocheilus-lecontei
88608b60c6,crotalus-atrox
1e416f3e13,storeria-dekayi
40988857ce,crotalus-horridus
0c89d31702,pantherophis-alleghaniensis
ed26fe7996,crotalus-atrox
94fe7ff244,thamnophis-sirtalis
46ee76ccb8,pantherophis-obsoletus
d65c2dc896,agkistrodon-contortrix
b0ebe0ec7c,thamnophis-sirtalis
b976cbbc89,crotalus-atrox
8ba809dab1,crotalus-horridus
375696a37f,diadophis-punctatus
9db974a233,crotalus-atrox
31b15b7404,thamnophis-sirtalis
8d33851a8b,agkistrodon-contortrix
17b3968ced,pantherophis-obsoletus
92dc510a40,thamnophis-sirtalis
512fc9e23c,pantherophis-vulpinus
d3a15518ac,agkistrodon-contortrix
606b454ea5,crotalus-atrox
9e8f1195b3,crotalus-atrox
9b09290d21,thamnophis-sirtalis
143df6c4aa,nerodia-sipedon
db06bafc17,pantherophis-obsoletus
090abdc8b8,nerodia-sipedon
ed7b95d537,storeria-dekayi
ebdbb4edfa,storeria-dekayi
e51bebd7ce,thamnophis-sirtalis
65faa9df15,thamnophis-sirtalis
7cf1559b96,nerodia-sipedon
809a0a209e,thamnophis-sirtalis
14a0397527,agkistrodon-contortrix
db945af48b,thamnophis-sirtalis
3338b33890,diadophis-punctatus
c3f5e146ba,pantherophis-obsoletus
722b6323ec,pantherophis-obsoletus
4a6b1852d0,storeria-dekayi
9a73a81dff,crotalus-atrox
44e2cc78d3,haldea-striatula
e36fa6f2e6,nerodia-sipedon
37701846eb,opheodrys-aestivus
c4804cb27f,pantherophis-alleghaniensis
2f774a0168,pituophis-catenifer
477737deba,storeria-dekayi
684a7b08ae,agkistrodon-contortrix
aadfad28f5,lampropeltis-californiae
2847d4e56d,nerodia-sipedon
2e9f1674bc,crotalus-atrox
385ea02927,storeria-dekayi
aaa615d84a,crotalus-atrox
4a56a9830a,crotalus-atrox
add4ded433,nerodia-sipedon
86cb5618f9,crotalus-atrox
8e1be27f76,pantherophis-obsoletus
41de4add86,nerodia-sipedon
618148c93a,crotalus-horridus
94384b64ee,crotalus-atrox
98ca8e97e3,lampropeltis-triangulum
58a809a5da,pantherophis-obsoletus
c82b0038fb,thamnophis-sirtalis
3e948e13ad,pituophis-catenifer
b77fbe5457,agkistrodon-contortrix
5ea87a2f3d,agkistrodon-piscivorus
3aaaeb3001,pituophis-catenifer
855792de01,pantherophis-guttatus
a4936afac4,diadophis-punctatus
68570123d7,storeria-dekayi
ab501eeaa1,nerodia-sipedon
fa68e6c437,crotalus-viridis
b78234966e,thamnophis-sirtalis
d8989a7ebd,thamnophis-sirtalis
de9b02c30b,pantherophis-alleghaniensis
8d02041d76,lampropeltis-triangulum
924799e3f4,crotalus-atrox
9a78bc503d,crotalus-atrox
fe652f12b4,crotalus-atrox
ff8781cb80,thamnophis-sirtalis
c41ed9c05b,pantherophis-obsoletus
3024fa18e5,crotalus-horridus
488901ecd7,storeria-dekayi
3bbdab923c,nerodia-sipedon
08a0158c25,storeria-dekayi
3563d17587,diadophis-punctatus
50281e1d1d,pituophis-catenifer
a28a1a35a7,nerodia-sipedon
8161449847,lampropeltis-californiae
b9179ad8ed,crotalus-atrox
aeeb16bfec,diadophis-punctatus
2c983824a0,crotalus-atrox
8481649aee,crotalus-atrox
20f14eedb1,pantherophis-obsoletus
341d33701d,crotalus-atrox
df0fb047d2,thamnophis-sirtalis
4228389f4b,lampropeltis-triangulum
0ce760d438,crotalus-atrox
7d316f0c9d,pantherophis-obsoletus
d98003bb75,nerodia-sipedon
4f39265344,diadophis-punctatus
012154c583,pantherophis-obsoletus
cfa7ab3db8,diadophis-punctatus
5ac4d84b46,crotalus-atrox
a1d9f93887,crotalus-atrox
4fa2f1b008,pantherophis-alleghaniensis
b45b7e4c81,pituophis-catenifer
786ba4ba4b,storeria-dekayi
31614aea45,nerodia-sipedon
d111dafe36,crotalus-atrox
c2608c8551,storeria-dekayi
cc7b9bd6ed,thamnophis-sirtalis
9582dbeb27,pantherophis-alleghaniensis
1e665d3a05,agkistrodon-contortrix
50d38f3707,thamnophis-sirtalis
79818ed7bd,lampropeltis-californiae
13ebc1770d,crotalus-horridus
92643765f4,thamnophis-proximus
c5b4577265,crotalus-atrox
46e4512b8e,thamnophis-sirtalis
79e5a876ae,crotalus-atrox
eda032e523,storeria-dekayi
0fd905ded1,pantherophis-guttatus
ef82006232,crotalus-atrox
4b823fb6b9,storeria-dekayi
c71ddedbd6,thamnophis-sirtalis
8ab088c8fe,nerodia-sipedon
2a686ef996,lampropeltis-triangulum
44827e0c96,crotalus-ruber
c3c66a42cd,nerodia-sipedon
97a2c7ecb7,opheodrys-aestivus
68f05a3a85,diadophis-punctatus
d67f206f3d,agkistrodon-contortrix
1b9dd02d06,thamnophis-sirtalis
7cead4b1c3,thamnophis-sirtalis
785a849ff5,crotalus-atrox
02fa6b3ee5,storeria-dekayi
87318c3aca,thamnophis-proximus
bb4b7c9f3b,storeria-dekayi
647d580a8c,storeria-dekayi
c28fa93914,thamnophis-sirtalis
1d6504604f,pantherophis-obsoletus
b960c924af,pantherophis-obsoletus
95f24f6dbf,pantherophis-obsoletus
144981a319,pituophis-catenifer
c5843ff6bc,storeria-dekayi
3981bb53f1,nerodia-sipedon
8cb6eebb38,storeria-dekayi
8111c15451,diadophis-punctatus
0dddf76dfe,crotalus-atrox
5421f5b6ca,pituophis-catenifer
f2d94b49ca,pituophis-catenifer
76cdffaffb,storeria-dekayi
46a6a306fc,pantherophis-vulpinus
2b6245d77b,opheodrys-aestivus
c47c82122f,crotalus-atrox
c04ef971c2,agkistrodon-contortrix
d112dcec1e,storeria-dekayi
6c78d9c8ce,thamnophis-sirtalis
1d3c4f7d2f,storeria-dekayi
9c88832a7a,storeria-occipitomaculata
0cc412b743,storeria-dekayi
813751c7fe,thamnophis-sirtalis
fba47323dd,nerodia-sipedon
4733a797e4,pantherophis-obsoletus
811119a90b,nerodia-sipedon
0d08d8becf,thamnophis-sirtalis
f3bdc27db9,lampropeltis-californiae
bbe79f4604,pantherophis-obsoletus
d5fb0f6816,pituophis-catenifer
f94be71c7a,thamnophis-sirtalis
4a247becfb,nerodia-sipedon
89a8cb0e76,storeria-dekayi
ef54757e06,pantherophis-obsoletus
da8f5e5486,thamnophis-proximus
386f649b46,thamnophis-sirtalis
ef07005750,nerodia-sipedon
33c33c3665,crotalus-horridus
d919c074ed,diadophis-punctatus
343d7275b2,storeria-dekayi
1794be2478,storeria-dekayi
038eefc633,pantherophis-alleghaniensis
033c590985,lampropeltis-californiae
1288525568,nerodia-sipedon
3b0596bd51,agkistrodon-contortrix
84191bfd5a,lampropeltis-triangulum
11660a3b49,crotalus-atrox
b5b4689c0d,pituophis-catenifer
6bc53a3ab8,nerodia-sipedon
c095ab66df,crotalus-atrox
6f44735f58,nerodia-sipedon
2f3f358d43,diadophis-punctatus
da3f1c4d6e,pituophis-catenifer
0b975a80ed,crotalus-atrox
e27ca7d445,heterodon-platirhinos
14c1f66246,thamnophis-sirtalis
69d4b15fd1,lampropeltis-triangulum
657cdeaa72,pituophis-catenifer
5b356b946f,agkistrodon-contortrix
8b2bbb9546,crotalus-atrox
2b8b168c61,crotalus-atrox
e3654cac52,lampropeltis-californiae
65683b5376,nerodia-sipedon
fc4dbc6d5d,thamnophis-sirtalis
3dccd63a1c,pantherophis-alleghaniensis
25891d7e28,crotalus-atrox
7d47015e7f,crotalus-atrox
451a823673,agkistrodon-contortrix
d930d37135,thamnophis-sirtalis
b937924469,lampropeltis-californiae
ad64e08277,storeria-dekayi
19bd628df5,thamnophis-sirtalis
f247f88b68,pantherophis-obsoletus
ba00658f4c,diadophis-punctatus
68722a30ea,thamnophis-sirtalis
36beae29d4,pantherophis-guttatus
ce8b6913f4,nerodia-sipedon
fbf220a77a,pantherophis-alleghaniensis
5cb1e2553b,crotalus-atrox
992f8823fb,opheodrys-aestivus
c10ff40811,storeria-dekayi
b1d492d342,diadophis-punctatus
713804346e,nerodia-sipedon
1c54dbdb06,thamnophis-proximus
db28e1151c,pantherophis-obsoletus
162a7cdf2a,pantherophis-guttatus
e9d344e301,lampropeltis-triangulum
8610476c82,pantherophis-obsoletus
054481ab8f,thamnophis-proximus
881fd4dc15,storeria-dekayi
01bc7841f0,thamnophis-sirtalis
11f0e3c25b,crotalus-atrox
68642c8410,lampropeltis-triangulum
b73f6347cd,lampropeltis-californiae
b3452f1934,agkistrodon-contortrix
963998afb6,crotalus-atrox
6dbd0674dd,crotalus-atrox
7ed1337bff,diadophis-punctatus
55e04b0100,crotalus-atrox
a8827df7c1,crotalus-atrox
1f393e851f,storeria-dekayi
54d2fa2eda,thamnophis-sirtalis
d93873fdb7,storeria-dekayi
bf1a6aa6aa,thamnophis-sirtalis
7c63285d95,crotalus-atrox
ce17bee7ea,thamnophis-proximus
fa0e46865e,crotalus-atrox
c2ad7b1b76,nerodia-sipedon
6dea60b535,storeria-dekayi
73bda1efb3,pituophis-catenifer
0a92678115,nerodia-sipedon
8bb0c18e00,thamnophis-proximus
15f4557735,thamnophis-sirtalis
72d0f049bf,crotalus-atrox
f35100aade,agkistrodon-contortrix
d44c8d5314,crotalus-atrox
0fa9fc3183,nerodia-sipedon
c484be18d6,thamnophis-sirtalis
d6279d9ecd,pituophis-catenifer
a1c21d6672,pantherophis-obsoletus
bde7c1f5cc,nerodia-sipedon
e1dce31f83,thamnophis-sirtalis
227ad5b05c,diadophis-punctatus
b830d5dbe5,nerodia-sipedon
ccb79ed307,crotalus-atrox
fef6cec454,storeria-dekayi
b9509d1721,thamnophis-sirtalis
6f3af7373d,pantherophis-obsoletus
57db3594db,nerodia-sipedon
2472af6c57,pantherophis-obsoletus
bd43b49990,lampropeltis-triangulum
64b358a9bb,opheodrys-aestivus
a59422c281,crotalus-atrox
6cbc15a33e,nerodia-sipedon
48a78ec539,diadophis-punctatus
ec24a7dba0,crotalus-atrox
49734a6ebf,agkistrodon-piscivorus
01008992e9,storeria-dekayi
11790d01c8,thamnophis-sirtalis
40b8fc0e84,storeria-dekayi
14b51564a5,storeria-occipitomaculata
5a7b351a60,thamnophis-proximus
2a7b6c5b9c,thamnophis-sirtalis
26cab4eb5c,pantherophis-obsoletus
f03aa5df7a,storeria-dekayi
b19e082892,crotalus-atrox
cb82fa561f,pituophis-catenifer
902a71bf05,pantherophis-obsoletus
7bf3a6739b,natrix-natrix
8a604f1ddc,pantherophis-obsoletus
7f926d3284,thamnophis-sirtalis
96958ebf1b,nerodia-erythrogaster
9886f29ea0,crotalus-atrox
a151d5bd1d,crotalus-atrox
601a036889,pantherophis-obsoletus
ace74db921,crotalus-ruber
f92fe5e5b0,thamnophis-sirtalis
49f08ece45,nerodia-sipedon
b8c09adadc,storeria-dekayi
8b704e36a2,pantherophis-alleghaniensis
3fd328c40e,thamnophis-proximus
07a1325194,pantherophis-obsoletus
559a737051,crotalus-atrox
9784892755,storeria-dekayi
6b1f376295,agkistrodon-piscivorus
2e0d21aede,pituophis-catenifer
4cb6776f57,crotalus-atrox
dad51cd1dd,crotalus-atrox
160ff28e12,crotalus-atrox
ac2b560e59,storeria-occipitomaculata
80960684df,thamnophis-sirtalis
dda7fe77cf,thamnophis-sirtalis
41b6e2b209,crotalus-atrox
4e786381ff,pantherophis-obsoletus
e6f6b08dc0,thamnophis-sirtalis
39ae08a8a2,pituophis-catenifer
07ad933b01,coluber-constrictor
ab72fae277,crotalus-atrox
17b254d95e,thamnophis-sirtalis
d0a8efe351,thamnophis-sirtalis
ccf22994e8,crotalus-atrox
dc912c11c4,storeria-dekayi
cd41d47965,crotalus-atrox
c73f697001,nerodia-sipedon
bf0251ff3c,pantherophis-alleghaniensis
42649255bc,lampropeltis-triangulum
293259d508,opheodrys-aestivus
4cc20d0bc8,thamnophis-sirtalis
8fabf4c798,crotalus-atrox
5d0faf4c7b,pantherophis-alleghaniensis
e739a016b4,crotalus-atrox
222f09d68c,thamnophis-sirtalis
a4bf73e176,crotalus-atrox
b137ef058f,pantherophis-alleghaniensis
c1039f5273,lampropeltis-triangulum
b8c8491cb6,crotalus-atrox
ee31dcdf27,thamnophis-sirtalis
718bc14e1a,thamnophis-sirtalis
67fea1ff7d,crotalus-atrox
e801ee6840,thamnophis-sirtalis
8d2b02a4b8,lampropeltis-californiae
1fff5a46d7,pantherophis-alleghaniensis
045f997c55,storeria-dekayi
c724879503,pituophis-catenifer
ceb38802d8,thamnophis-sirtalis
f54c8489c0,crotalus-atrox
8a1aa78cda,crotalus-atrox
a89830d58e,diadophis-punctatus
857c430acc,thamnophis-sirtalis
727d39c386,crotalus-atrox
e46e1ff177,crotalus-horridus
ff36f08f54,nerodia-sipedon
42b9ebe601,nerodia-sipedon
6c2e15cfe3,storeria-dekayi
b0b4a61772,thamnophis-sirtalis
c08388a48f,lampropeltis-triangulum
bbfba08e73,crotalus-atrox
8d52547e5f,storeria-dekayi
34e6afb98b,nerodia-sipedon
5d82166868,thamnophis-sirtalis
991a9dbcb3,pituophis-catenifer
e0b2962c83,crotalus-atrox
57050111e0,pituophis-catenifer
559ed5ed62,rhinocheilus-lecontei
cfa6f0c0ea,pituophis-catenifer
68ffd2a53a,pituophis-catenifer
b9afe1d694,pantherophis-obsoletus
03e5159380,thamnophis-sirtalis
7b9765dd01,lampropeltis-triangulum
5b1613f007,nerodia-sipedon
a48ae72b05,storeria-dekayi
55558305ba,nerodia-sipedon
895249fbf8,crotalus-atrox
3dcee426bd,nerodia-sipedon
0dffc5dc0a,crotalus-atrox
fbda0ff664,lampropeltis-californiae
47241a7a2f,nerodia-sipedon
d417d4f631,pantherophis-obsoletus
23ad837e57,crotalus-atrox
6f2c9b0a8e,crotalus-atrox
a01abc8b06,thamnophis-sirtalis
c6ca718826,crotalus-horridus
ab888375df,lampropeltis-californiae
2b1db1ded4,storeria-dekayi
fd6832ac73,thamnophis-sirtalis
485a5b3419,crotalus-atrox
aedeb630da,pituophis-catenifer
09f01bb907,lampropeltis-californiae
a763ba3648,thamnophis-proximus
dc5f2f060a,opheodrys-aestivus
dd01683edc,pantherophis-obsoletus
e931b94a50,thamnophis-proximus
fa58c0f04f,crotalus-atrox
e2c8b01054,pantherophis-obsoletus
15ddd7bca3,nerodia-sipedon
f00a203827,crotalus-atrox
1cc583c86f,crotalus-atrox
8ae15dfb92,nerodia-sipedon
71150f768b,crotalus-atrox
0823016b69,crotalus-atrox
d21d7e61ca,storeria-dekayi
063269761f,thamnophis-sirtalis
700d8ecd83,lampropeltis-californiae
4d2a67a53b,diadophis-punctatus
3292dbb525,pantherophis-obsoletus
207bea7c2e,lampropeltis-californiae
f47788339e,pantherophis-alleghaniensis
79104dbf66,pituophis-catenifer
42378b3f2f,thamnophis-sirtalis
2a44495fb7,lampropeltis-californiae
3e2ea403b2,lampropeltis-triangulum
f7e249aed9,storeria-dekayi
b92b1aedcc,crotalus-atrox
e1d6453f2b,pituophis-catenifer
cceb5470db,pantherophis-alleghaniensis
8486c55d6c,nerodia-sipedon
a0dd47833b,agkistrodon-contortrix
1e056656bf,thamnophis-sirtalis
0b739e266e,crotalus-atrox
0394781976,storeria-dekayi
13d58ec6aa,crotalus-atrox
860bb58cdf,crotalus-atrox
9f6fd47396,pituophis-catenifer
295ab7d70f,storeria-dekayi
e0e5b99f06,pantherophis-alleghaniensis
af99899112,pantherophis-alleghaniensis
a2d253f06d,pantherophis-obsoletus
db517bd3e6,crotalus-atrox
6c5e01ce28,crotalus-atrox
ad94af4567,nerodia-sipedon
a45fc803c9,thamnophis-radix
bfae6bd6d5,crotalus-atrox
688b2608c8,pantherophis-alleghaniensis
3aedf03b93,opheodrys-aestivus
2988f6b14e,thamnophis-sirtalis
22533e6b71,thamnophis-sirtalis
ff7735def6,thamnophis-sirtalis
292607026b,pantherophis-guttatus
3ccb420d0c,crotalus-atrox
13a059d87a,pituophis-catenifer
3c083b4590,nerodia-sipedon
2cefdedb33,crotalus-atrox
a60ce6d077,nerodia-sipedon
5bb72556f9,pantherophis-obsoletus
9ebfc32ad0,nerodia-sipedon
f962e3439e,diadophis-punctatus
1930c4ef59,pantherophis-obsoletus
36ff5e2a56,crotalus-atrox
17f7991a24,nerodia-sipedon
e2852dfcc2,pantherophis-obsoletus
cac1cf0907,opheodrys-aestivus
6bc32ee53e,thamnophis-sirtalis
6fcc4ea871,pantherophis-alleghaniensis
b4d280970e,nerodia-sipedon
c0062f2cd3,storeria-dekayi
1debbd0daa,agkistrodon-piscivorus
9e7a2e94c4,storeria-dekayi
b688c60e29,crotalus-atrox
9315a4a9e9,thamnophis-sirtalis
fb5fc3ff56,lampropeltis-triangulum
87608051e5,crotalus-atrox
b99098909e,thamnophis-sirtalis
47a8ec4f3e,crotalus-atrox
bd95ef304d,storeria-dekayi
9b07f3eacf,crotalus-atrox
3412a66683,storeria-dekayi
867f2ef9d9,lampropeltis-triangulum
5b4838e1e5,opheodrys-aestivus
6ca03f6d63,opheodrys-aestivus
3f59a08941,nerodia-sipedon
91fb4fb5e5,crotalus-atrox
825908cce1,crotalus-atrox
9d0d36b4b2,pituophis-catenifer
a869568b74,crotalus-atrox
4bb31fa285,nerodia-sipedon
8b8357c908,opheodrys-aestivus
452124f26d,crotalus-viridis
820f329919,thamnophis-sirtalis
662449a569,lampropeltis-triangulum
2cb9a689f8,storeria-dekayi
ac132f5934,pituophis-catenifer
55c5a2a0bb,crotalus-atrox
77cdc9894e,pituophis-catenifer
b0669937f2,thamnophis-sirtalis
416e8f5071,lampropeltis-triangulum
044b47bb18,storeria-dekayi
b11275c440,agkistrodon-contortrix
6d644b2b27,crotalus-atrox
fe3fe692d4,crotalus-atrox
57ef22b097,crotalus-atrox
d9fca7fbeb,crotalus-atrox
f3ecca6910,pituophis-catenifer
2004e8fe2c,nerodia-erythrogaster
5ed983ebe4,lampropeltis-triangulum
0ce29ac201,opheodrys-aestivus
3327333217,crotalus-horridus
ba126f9814,crotalus-horridus
58a86e1fbc,pantherophis-guttatus
ce51028899,pituophis-catenifer
a075ddf05c,agkistrodon-contortrix
27fe381477,pantherophis-obsoletus
5fa87ae1fc,pantherophis-obsoletus
b5293b81b0,crotalus-atrox
5653096047,pantherophis-vulpinus
37503e8da9,crotalus-atrox
aee44249a7,crotalus-atrox
15003d8072,thamnophis-sirtalis
26ea706d87,thamnophis-proximus
b107b5bfec,crotalus-atrox
e2fcddeb52,thamnophis-sirtalis
3abfa44d66,thamnophis-sirtalis
575fd1acd4,nerodia-sipedon
4e595ab339,storeria-dekayi
eaedb4aeea,crotalus-atrox
f26b948e46,agkistrodon-contortrix
9f10e1116b,storeria-dekayi
da3f536aeb,pituophis-catenifer
14265d230f,lampropeltis-californiae
87403ef53d,storeria-dekayi
b6ffe43c55,nerodia-sipedon
75ebbc0cd3,opheodrys-aestivus
b1e89ad24e,thamnophis-sirtalis
56c9e212e1,crotalus-atrox
c375eaa47c,opheodrys-aestivus
9d60408184,pituophis-catenifer
7c700cba7a,crotalus-atrox
4846c2ff38,crotalus-atrox
cca13460db,crotalus-atrox
ace4428288,crotalus-atrox
f93b01cf67,diadophis-punctatus
381cd1d7b0,nerodia-sipedon
30e4144ba5,crotalus-atrox
c96674a57e,agkistrodon-contortrix
b5fa9c891c,natrix-natrix
857dc26592,lampropeltis-californiae
a76c44bb89,agkistrodon-contortrix
82e701f9a7,agkistrodon-contortrix
9e2d9ab3e2,crotalus-atrox
a8ea06d10f,pituophis-catenifer
594cc3fd5a,agkistrodon-contortrix
66533f8fc8,pantherophis-obsoletus
393100f69f,storeria-dekayi
be611db16b,crotalus-atrox
e5a3e55619,diadophis-punctatus
ab227abef4,thamnophis-sirtalis
f89b383858,storeria-dekayi
bc050ff130,nerodia-sipedon
56c75093dd,crotalus-atrox
63da8e83a5,agkistrodon-contortrix
ccd7709ba8,pituophis-catenifer
624a6c0459,pituophis-catenifer
f6f493238e,lampropeltis-triangulum
8ea489d2ec,storeria-dekayi
4414687ddb,thamnophis-sirtalis
16768932e7,lampropeltis-triangulum
4c3eb5bfb1,storeria-dekayi
29da4e905f,storeria-dekayi
3e77a414cf,pituophis-catenifer
480178afdb,opheodrys-aestivus
da1aeaec34,agkistrodon-piscivorus
f9d30e7c25,agkistrodon-contortrix
6c8893e5b9,storeria-dekayi
fcb8d0382d,diadophis-punctatus
5ede340e32,pantherophis-guttatus
d1ef8c5ebe,thamnophis-proximus
20c98b7d75,natrix-natrix
a32ca206e4,pantherophis-obsoletus
b14024890c,crotalus-atrox
eadd4b193b,storeria-dekayi
1309de6784,pantherophis-guttatus
8c0ecbc291,nerodia-sipedon
86be30154b,diadophis-punctatus
9cb8de814e,crotalus-atrox
5f255f8a6f,pantherophis-obsoletus
d6ed42c50b,crotalus-atrox
6ffd88def2,crotalus-atrox
348d974fa5,thamnophis-sirtalis
6ff13e6eb6,storeria-dekayi
d441752d22,nerodia-sipedon
d582a92123,crotalus-atrox
fa6146a028,thamnophis-sirtalis
35a1801b68,lampropeltis-californiae
9ecc4721bf,crotalus-atrox
7be7d952f8,nerodia-sipedon
d58eda8969,nerodia-sipedon
998a1cbe5a,storeria-dekayi
2f28b83984,storeria-dekayi
54126ca78d,diadophis-punctatus
d47dbad6f9,crotalus-atrox
b70ed6998c,nerodia-sipedon
351a52d327,opheodrys-aestivus
66c69c2d1a,crotalus-atrox
e09b662bd5,storeria-dekayi
f457c263c5,agkistrodon-contortrix
1996c3c0a0,heterodon-platirhinos
80c77ea095,diadophis-punctatus
8fea7a6f67,crotalus-atrox
e496c7ae34,crotalus-atrox
c33c94bd3d,thamnophis-sirtalis
356311d35c,crotalus-atrox
00fefc891d,nerodia-sipedon
4d8e2d733d,storeria-occipitomaculata
8b16f8a4e1,pituophis-catenifer
c606bb7282,crotalus-atrox
07265abede,thamnophis-sirtalis
b5171d3348,pantherophis-alleghaniensis
00a3b82892,thamnophis-marcianus
e9b38ba43f,thamnophis-sirtalis
27046a7f7d,opheodrys-aestivus
325e2a718c,opheodrys-aestivus
bd3de164e8,storeria-dekayi
05bbc5070b,thamnophis-sirtalis
fe4bdf4f63,crotalus-atrox
f4459bc74a,nerodia-erythrogaster
77dd465e89,agkistrodon-contortrix
9db61dea8b,pantherophis-obsoletus
d66c3f3d34,lampropeltis-triangulum
986467ee6d,lampropeltis-triangulum
bc055cfcf1,pituophis-catenifer
febc601a64,agkistrodon-contortrix
4fb62fe5f4,lampropeltis-californiae
5c0dcbb923,pituophis-catenifer
e405656b1b,haldea-striatula
89ac32a56d,thamnophis-sirtalis
e037e771c3,storeria-dekayi
dd13ef5784,thamnophis-sirtalis
f5f14dcdd2,nerodia-sipedon
7d40454b7b,crotalus-atrox
cbe325ab91,pituophis-catenifer
8b8f0dd5e6,pituophis-catenifer
fc58e19ca0,pituophis-catenifer
5e0fe76874,pantherophis-alleghaniensis
e42020f71e,pituophis-catenifer
6ee21f4bbc,crotalus-atrox
7e25f7155c,pituophis-catenifer
aba879e0f7,agkistrodon-piscivorus
79e730fef9,lampropeltis-triangulum
2d0a449a11,storeria-dekayi
ddeaf09179,nerodia-sipedon
50a7c39fb7,lampropeltis-triangulum
018c739beb,diadophis-punctatus
fc94ed1d6d,pantherophis-obsoletus
230c70d896,nerodia-erythrogaster
d2084ae837,diadophis-punctatus
580f638042,thamnophis-sirtalis
cd8dc76a5a,diadophis-punctatus
c8ca8f0048,thamnophis-sirtalis
ef1690ca4f,crotalus-horridus
d484524f6a,storeria-dekayi
3e12eda545,storeria-dekayi
2874500090,pantherophis-alleghaniensis
279efc0706,nerodia-sipedon
ff8722be40,thamnophis-sirtalis
d1741bbdfa,thamnophis-sirtalis
277dc08855,crotalus-ruber
79ce251e0a,storeria-dekayi
ec2cb44a7f,crotalus-atrox
f13f3085ae,lampropeltis-californiae
368907beeb,pituophis-catenifer
cbb770ff5a,thamnophis-sirtalis
543995ea87,lampropeltis-californiae
07624666fb,crotalus-atrox
bd32389689,pantherophis-guttatus
f22cb96859,crotalus-atrox
0a78ca4bcb,crotalus-atrox
d6a80b7b94,thamnophis-sirtalis
ebcbf1382f,crotalus-atrox
c334072feb,storeria-dekayi
2e97263a6b,diadophis-punctatus
77321df6c5,crotalus-atrox
779248244f,pantherophis-obsoletus
8f336f0634,thamnophis-sirtalis
7bf2980a9d,thamnophis-sirtalis
4bbc8c4bcb,crotalus-atrox
e4827f9295,pantherophis-obsoletus
bdbd9d005c,crotalus-atrox
8b9db7077f,pituophis-catenifer
ca33c6d5ad,crotalus-atrox
2abb924a58,lampropeltis-triangulum
ccdceb7b04,pantherophis-obsoletus
1c53a0e9af,storeria-dekayi
9d5e6df395,crotalus-atrox
14766b3230,thamnophis-sirtalis
336c730066,thamnophis-sirtalis
b4f2848f54,lampropeltis-triangulum
c7c9fdada6,crotalus-atrox
2ea0beae2d,thamnophis-sirtalis
093655b322,lampropeltis-triangulum
5eab328c5b,pantherophis-obsoletus
5955a29848,crotalus-atrox
07437a1fe8,nerodia-sipedon
f63b571452,lampropeltis-triangulum
2632a10a71,storeria-dekayi
274fd61c14,storeria-dekayi
a7f5375ba7,haldea-striatula
f037d55664,pantherophis-obsoletus
138924be68,storeria-dekayi
acd563d446,diadophis-punctatus
4b381d7348,agkistrodon-contortrix
0ae45b5aaa,storeria-dekayi
a853ecfce0,lampropeltis-triangulum
f7ab9a3e13,pituophis-catenifer
231da2602e,diadophis-punctatus
48ac7f1c7d,nerodia-sipedon
770de8c393,pantherophis-obsoletus
2049112874,storeria-dekayi
d5c6a36fb3,pantherophis-obsoletus
5d5286410a,lampropeltis-triangulum
fbd2e05f9d,lampropeltis-triangulum
5cb1e77e60,thamnophis-sirtalis
016c384a1a,thamnophis-proximus
7b7a456cd9,storeria-dekayi
99e3cdcc39,lampropeltis-triangulum
a3df4a6366,crotalus-atrox
3b99bf84d6,storeria-dekayi
59cd4c4417,pituophis-catenifer
a44d993fbe,lampropeltis-triangulum
806789a916,thamnophis-sirtalis
10c35c9661,storeria-dekayi
d5998a22fb,agkistrodon-contortrix
f08e8cb28b,lampropeltis-triangulum
d931cd921f,storeria-dekayi
5ab3fc3b21,crotalus-horridus
9310ca3b13,thamnophis-sirtalis
990d9f9cc7,storeria-dekayi
b883a88123,agkistrodon-contortrix
659e1304ed,pituophis-catenifer
632568f983,pituophis-catenifer
82b4daee47,storeria-dekayi
9e08e2e7c0,thamnophis-sirtalis
995da4bdfe,nerodia-sipedon
9ba5f59e0d,crotalus-atrox
ecc2bff41e,thamnophis-sirtalis
48807c6a7f,pantherophis-obsoletus
f9bfc13a70,agkistrodon-contortrix
0bc8c8b3d9,nerodia-sipedon
9cd4b65c2c,coluber-constrictor
511dffe7d2,crotalus-atrox
0d885db042,agkistrodon-contortrix
10ff7e57d3,lampropeltis-californiae
b9551ebdb5,pantherophis-obsoletus
bb4acca82d,thamnophis-sirtalis
6a5c796675,pituophis-catenifer
3ccba0002a,crotalus-atrox
521a24cb0a,lampropeltis-triangulum
7db0e926a2,opheodrys-aestivus
82335fe2c5,lampropeltis-californiae
5f9a9502e6,storeria-dekayi
10cea40844,nerodia-sipedon
a370764eb5,rhinocheilus-lecontei
f5f5fa2cb8,storeria-dekayi
662387370b,storeria-dekayi
c68022554f,thamnophis-sirtalis
c36db9f26d,nerodia-sipedon
cbfddc9c88,crotalus-atrox
cc51485193,pituophis-catenifer
ca424e0558,thamnophis-sirtalis
af114ec554,pituophis-catenifer
cbd8652fef,lampropeltis-triangulum
80da121cf4,agkistrodon-contortrix
108da1072a,pantherophis-obsoletus
66f17263f8,thamnophis-sirtalis
f5752a0f0a,pituophis-catenifer
e7e867160a,thamnophis-sirtalis
ca291a5737,agkistrodon-contortrix
7f8c875465,diadophis-punctatus
195a2f4c3a,nerodia-sipedon
2757eb8bbd,diadophis-punctatus
53d596c447,storeria-dekayi
18a07e89ac,thamnophis-sirtalis
1c806c5b9b,nerodia-sipedon
a8fae46a5a,agkistrodon-contortrix
eab9b89ad9,storeria-dekayi
3afe948592,pantherophis-obsoletus
7230d4cc69,crotalus-atrox
35e116cab9,crotalus-atrox
f7cf344e61,pituophis-catenifer
113f968224,diadophis-punctatus
b1fb6982cd,diadophis-punctatus
d50bdf5b2d,storeria-occipitomaculata
5c818f58a7,pantherophis-obsoletus
533805ace7,agkistrodon-contortrix
783d628cbf,agkistrodon-contortrix
543bb54091,diadophis-punctatus
59411ea382,nerodia-sipedon
7326d26554,pantherophis-obsoletus
5b848633ea,nerodia-sipedon
a1ba32ac3d,nerodia-sipedon
c368ede9c3,storeria-dekayi
f1bae12c32,thamnophis-sirtalis
534d81b3e3,nerodia-sipedon
91a95ef9cb,pantherophis-obsoletus
78eac1ae97,diadophis-punctatus
f05faa4bb1,agkistrodon-contortrix
f748cf3f7e,storeria-dekayi
142141ec62,crotalus-atrox
c52ac38aa0,pantherophis-obsoletus
2c6828452e,thamnophis-proximus
36cc932452,diadophis-punctatus
459bff3c88,agkistrodon-contortrix
c75bd067fd,opheodrys-aestivus
379c96f9ac,crotalus-ruber
65ba6853da,diadophis-punctatus
0db0392426,storeria-dekayi
b095d3ea2d,lampropeltis-triangulum
3415603d3c,storeria-dekayi
dafd6dd941,thamnophis-sirtalis
a7bce1f266,lampropeltis-triangulum
c6a741646d,crotalus-atrox
60dcbd5c62,thamnophis-sirtalis
f8f3d41360,crotalus-atrox
9b5e5fd103,crotalus-atrox
08f107e1e0,storeria-dekayi
d96a2f8208,rhinocheilus-lecontei
b03b72c2eb,lampropeltis-californiae
c4b9384f10,nerodia-sipedon
6f2637eba0,nerodia-sipedon
e7fbaf1783,diadophis-punctatus
2b07b7f1fc,storeria-dekayi
22784e30bd,storeria-dekayi
fc99bec64d,pantherophis-guttatus
e759f3eb2e,agkistrodon-contortrix
9b56093388,crotalus-atrox
985cdf296c,thamnophis-sirtalis
af183d1608,crotalus-atrox
ebf7de46e9,pituophis-catenifer
043d5f3770,nerodia-sipedon
0b36bcded4,opheodrys-aestivus
01ef98f8e1,crotalus-atrox
47efeda4fa,nerodia-sipedon
fa62eae8c5,storeria-dekayi
3da4f0bcba,thamnophis-sirtalis
817a7ca50c,lampropeltis-triangulum
4bb367498c,crotalus-atrox
aca563e081,crotalus-ruber
c6db7228bb,pantherophis-alleghaniensis
8e4a48cec4,crotalus-atrox
a3da69708a,diadophis-punctatus
b142b8a891,thamnophis-sirtalis
4142bb2db1,pantherophis-obsoletus
db3125c33e,crotalus-atrox
5a2623981f,crotalus-atrox
4b63db7a28,lampropeltis-triangulum
5a67e89081,thamnophis-sirtalis
b250c512df,storeria-dekayi
d952649529,storeria-dekayi
3ac12b3402,storeria-dekayi
6b15e3ec5f,heterodon-platirhinos
e4fa7fdae2,pituophis-catenifer
3c79a2b1b5,crotalus-atrox
63d96d44bd,crotalus-horridus
dc0f71785b,agkistrodon-contortrix
3715978259,crotalus-atrox
5c02da1538,pituophis-catenifer
a56a6fe0a7,pituophis-catenifer
1ca029bf84,nerodia-sipedon
053bbbfcb7,pituophis-catenifer
3a231f98df,storeria-dekayi
ef3c60bc6b,storeria-dekayi
82c4e51f8a,storeria-dekayi
2c9e196186,storeria-dekayi
7c712866ff,agkistrodon-contortrix
fa72b3fe67,pantherophis-guttatus
2b8d448683,nerodia-sipedon
a75b4f3fb0,thamnophis-sirtalis
7f2892af39,pantherophis-obsoletus
9877d40edb,nerodia-sipedon
603192bd4c,lampropeltis-triangulum
44a1a3e35f,crotalus-atrox
9b5096caa1,lampropeltis-triangulum
8dc1f0796e,crotalus-atrox
53e70d9cee,nerodia-sipedon
1b8242b960,nerodia-sipedon
03158930ae,crotalus-atrox
6039af7619,lampropeltis-triangulum
190a575a41,pantherophis-obsoletus
2fc944bb61,crotalus-atrox
d23b088919,crotalus-atrox
f17ff6178e,agkistrodon-contortrix
401f315389,storeria-dekayi
bd2046b98f,crotalus-atrox
64808b2252,nerodia-erythrogaster
abc0495ee8,pantherophis-alleghaniensis
cb9f92f658,nerodia-sipedon
7289b39618,crotalus-horridus
d04605b05d,pantherophis-obsoletus
5cc447b09a,thamnophis-sirtalis
902ba5f792,crotalus-horridus
a0c3ea95cd,crotalus-atrox
93238c9b55,pantherophis-guttatus
9510d33970,pituophis-catenifer
cc01857305,pituophis-catenifer
c379d985be,crotalus-atrox
30d87fe508,crotalus-atrox
d49df213b1,crotalus-atrox
9262535d19,nerodia-sipedon
954cf7d09a,crotalus-atrox
07adf1b336,storeria-dekayi
25b2fbd6ca,storeria-dekayi
d67ee11156,thamnophis-proximus
4bb9005883,storeria-dekayi
d26718bf1b,lampropeltis-triangulum
f553f2da1c,crotalus-atrox
4bef4cae1b,storeria-dekayi
cc4949ffe3,crotalus-atrox
8cffcf426d,pantherophis-alleghaniensis
17bff00b28,pantherophis-obsoletus
e7b04cfe8c,agkistrodon-piscivorus
910ad43321,crotalus-atrox
14b9be3fc8,diadophis-punctatus
d210b0b664,pituophis-catenifer
c20c4fedeb,crotalus-horridus
7aa2349bd4,nerodia-sipedon
22ee6908b7,thamnophis-proximus
99d080b04b,agkistrodon-contortrix
91111d3298,agkistrodon-contortrix
bcaa37e00c,thamnophis-proximus
e8e4c7fbb1,nerodia-sipedon
ad27b3dc95,storeria-dekayi
96c0e968cf,opheodrys-aestivus
c935ce3db7,thamnophis-proximus
b6f53fbd8e,lampropeltis-triangulum
3f8b54c5b8,diadophis-punctatus
4c885eabe4,storeria-dekayi
2786b3576c,pituophis-catenifer
a466efd69d,agkistrodon-contortrix
407c2c9dda,pituophis-catenifer
3565b03095,crotalus-atrox
6e9284955c,crotalus-horridus
8ed99e4c86,crotalus-atrox
a5e69edc4b,pantherophis-guttatus
4e6c995bef,pantherophis-alleghaniensis
5ae9d343e8,nerodia-sipedon
e25a32c987,thamnophis-sirtalis
b30e722d22,lampropeltis-triangulum
5afeda65d0,pantherophis-obsoletus
18ad85f471,pantherophis-obsoletus
39927cfbaa,pantherophis-obsoletus
7b692d1127,crotalus-atrox
84fcbb8e68,pantherophis-obsoletus
14ae30c15b,nerodia-sipedon
a603faa96e,thamnophis-sirtalis
cd279c6a32,agkistrodon-contortrix
6aec488970,crotalus-atrox
4702bb06b2,nerodia-sipedon
9f1f0c4d77,crotalus-atrox
37d255ba5a,storeria-dekayi
9270b2e18c,pantherophis-guttatus
38d6a2113a,nerodia-sipedon
c0f77950f7,thamnophis-sirtalis
86a6eb367c,crotalus-atrox
3ad0cabc18,diadophis-punctatus
59b1221597,pituophis-catenifer
1012f2362a,crotalus-atrox
daac1e1960,thamnophis-sirtalis
b1cb0097f1,thamnophis-sirtalis
073e9ff640,agkistrodon-contortrix
3105af6b71,pantherophis-obsoletus
c2cbb5ab68,storeria-dekayi
8bd5db2b2b,pantherophis-alleghaniensis
6e0adfbf99,pantherophis-obsoletus
ebfb1532ab,nerodia-sipedon
7120a62958,nerodia-sipedon
c15675b887,thamnophis-sirtalis
9604596853,storeria-dekayi
f2bc584e0b,storeria-dekayi
5ab91cb2ee,thamnophis-sirtalis
a1177f99c4,lampropeltis-triangulum
8c6e0cc938,lampropeltis-triangulum
ff85bf00f2,storeria-dekayi
35dba4ac51,crotalus-atrox
77cb900136,crotalus-atrox
f29d659e71,thamnophis-sirtalis
e9bb397147,lampropeltis-californiae
6f7f36069e,crotalus-atrox
07989fe1c3,crotalus-atrox
768a99b9e5,lampropeltis-californiae
5512ed611d,thamnophis-sirtalis
b598056f93,crotalus-atrox
8456d0ce23,pantherophis-obsoletus
f75b87d80d,crotalus-atrox
d69f21de4e,thamnophis-sirtalis
27163ec202,crotalus-atrox
414c6c1e8c,pituophis-catenifer
d11bd5b048,thamnophis-sirtalis
99206af14b,crotalus-atrox
d5cb6099b8,storeria-dekayi
9f06ab71ae,lampropeltis-californiae
ec7281cd7c,crotalus-atrox
c2e01b4390,agkistrodon-contortrix
6a3c1344c4,thamnophis-proximus
8aba528ea0,agkistrodon-contortrix
0136882c08,heterodon-platirhinos
83bf58f0b1,crotalus-atrox
0557d01771,lampropeltis-californiae
97022292ea,pantherophis-guttatus
f6cc3d20e0,thamnophis-sirtalis
f45f8ee077,crotalus-horridus
357c52b2f0,crotalus-atrox
90c8498d65,agkistrodon-contortrix
aa3c457150,nerodia-sipedon
1ce0e88a44,thamnophis-sirtalis
e218ba88c9,crotalus-atrox
57cec6689a,storeria-dekayi
6a5112a54d,nerodia-sipedon
ac9117b886,thamnophis-sirtalis
2540a21720,thamnophis-proximus
dd169804df,thamnophis-sirtalis
c237e67115,thamnophis-sirtalis
fe298a3058,crotalus-atrox
4cc3b7adf3,storeria-dekayi
6b81c6a99c,crotalus-atrox
e2009dad0c,thamnophis-sirtalis
08765181d5,opheodrys-aestivus
5e8c069be7,pituophis-catenifer
9339f7c45b,storeria-dekayi
ab978ec9f5,pantherophis-obsoletus
0a308984b0,storeria-dekayi
4b444a7450,nerodia-sipedon
e985579c1c,thamnophis-sirtalis
a67125bb01,nerodia-erythrogaster
2efa69a2f5,diadophis-punctatus
b8cc1ff52b,crotalus-atrox
5c2a00b326,lampropeltis-triangulum
88c9895e1d,nerodia-sipedon
85a138a2b1,crotalus-atrox
031021f64c,diadophis-punctatus
afc6314ff1,crotalus-atrox
2e6564e977,nerodia-sipedon
26492ca0f0,pituophis-catenifer
8830373ae9,nerodia-sipedon
c834e92d7b,pituophis-catenifer
1ae509bbff,pantherophis-obsoletus
1edb40263d,crotalus-horridus
28ed4d6904,opheodrys-aestivus
2597f7e76d,crotalus-atrox
3b7ab4e0d8,lampropeltis-californiae
82b1d44782,thamnophis-sirtalis
9000233532,crotalus-atrox
a0da4b8579,thamnophis-sirtalis
7f8365af3d,thamnophis-sirtalis
f178404533,thamnophis-sirtalis
da99774679,storeria-occipitomaculata
635181b9d2,storeria-dekayi
81176ee1c5,thamnophis-sirtalis
aae5d3dda7,coluber-constrictor
7e52574588,opheodrys-aestivus
33b4f8c6ee,nerodia-sipedon
929d07dc6c,storeria-dekayi
6d39dfc724,pantherophis-guttatus
2d6aff49e2,pituophis-catenifer
372bc68670,storeria-dekayi
ec60c2ed8a,thamnophis-sirtalis
62d1292fff,nerodia-sipedon
a020682646,crotalus-atrox
2006370aad,storeria-dekayi
ccf697d8ee,thamnophis-sirtalis
482495a29c,pituophis-catenifer
ebee509f76,crotalus-atrox
ec5bf8fc94,lampropeltis-triangulum
ff2bb74401,thamnophis-sirtalis
9687257d87,lampropeltis-californiae
1672540ff2,pantherophis-alleghaniensis
40f8894ab0,thamnophis-sirtalis
eeeb364f80,crotalus-atrox
17b6bccd26,pituophis-catenifer
6b5fdb070a,thamnophis-sirtalis
fb2fc7f287,thamnophis-sirtalis
bc238794f9,crotalus-atrox
93447ffb77,crotalus-atrox
c508eadaf2,storeria-dekayi
cf457786fd,thamnophis-sirtalis
4c47136817,thamnophis-sirtalis
f5215fb122,crotalus-atrox
36f8a53278,lampropeltis-triangulum
da4b78e030,pantherophis-obsoletus
3857f94d7f,nerodia-sipedon
95aa99daf1,pantherophis-obsoletus
2f71e4dbc5,diadophis-punctatus
494fb17d3f,thamnophis-sirtalis
2783f6e72e,crotalus-atrox
0a1cb5c228,pantherophis-guttatus
ee9f2b0478,crotalus-atrox
ea7589812a,crotalus-atrox
0bec79eaff,crotalus-atrox
594372deba,nerodia-sipedon
b48d02b277,opheodrys-aestivus
6143211fb1,crotalus-atrox
9ccf3dc324,crotalus-atrox
3ab63ae9ff,thamnophis-sirtalis
155a2f53cf,pituophis-catenifer
dfada263c6,nerodia-sipedon
4932b1089d,storeria-dekayi
6d58bdcf39,pituophis-catenifer
734cb7f4b6,pituophis-catenifer
e1f9280372,lampropeltis-triangulum
86f3c1735d,diadophis-punctatus
07c9d2aa3b,crotalus-atrox
7683989c81,crotalus-atrox
2890dcea84,thamnophis-sirtalis
ef9804663f,nerodia-sipedon
6af9df245c,pantherophis-guttatus
f1c06381a3,thamnophis-sirtalis
2d28192243,lampropeltis-triangulum
9896a79a1d,storeria-dekayi
9a9ae8f452,nerodia-sipedon
de6161fc29,pantherophis-alleghaniensis
2a74549a83,thamnophis-sirtalis
5dfc97da50,agkistrodon-contortrix
b79cdcde09,diadophis-punctatus
412b9deed5,pantherophis-alleghaniensis
827ade5a7b,thamnophis-sirtalis
018a9dc8d3,agkistrodon-contortrix
98707250c7,storeria-dekayi
7c81f46daf,storeria-dekayi
ae0e1c4a78,diadophis-punctatus
a2ff49924c,pantherophis-alleghaniensis
2c92388500,thamnophis-sirtalis
fb5ea6dd78,crotalus-atrox
c795f9a09c,thamnophis-proximus
96964b08d8,storeria-dekayi
82f95efa2b,thamnophis-proximus
b3937b0554,opheodrys-aestivus
1b6152c43b,nerodia-sipedon
97a30ec6dd,lampropeltis-triangulum
dece1935ee,storeria-dekayi
4653c6fd7c,crotalus-atrox
eca3e3a92b,lampropeltis-triangulum
96e30cfac5,agkistrodon-contortrix
d1f106e978,storeria-dekayi
657db6cb59,crotalus-atrox
31038dddc5,pantherophis-obsoletus
4511368f4f,pantherophis-obsoletus
4fca272540,crotalus-atrox
961f8aa971,diadophis-punctatus
41e50ec9ca,crotalus-atrox
ad2a1a1ce2,crotalus-atrox
92b9fd66a7,storeria-dekayi
b2cb283e6a,diadophis-punctatus
a128fcabc1,pantherophis-obsoletus
01cdc5a346,crotalus-atrox
6f6c719cd8,agkistrodon-contortrix
7b073b871d,storeria-dekayi
fb161a2da0,pituophis-catenifer
8639fe5b0f,storeria-dekayi
6c514aa440,crotalus-atrox
4e410fc7b2,agkistrodon-contortrix
c447daa98a,agkistrodon-contortrix
33327a3289,thamnophis-sirtalis
0e00591aa0,crotalus-atrox
c639c6450f,lampropeltis-triangulum
fd7f5407f9,thamnophis-sirtalis
30379927e5,nerodia-sipedon
faee0c2011,nerodia-sipedon
8a40ad504a,diadophis-punctatus
8b88fdf313,nerodia-sipedon
5f46d656ec,crotalus-atrox
316bdbcb02,nerodia-sipedon
e72a84360b,storeria-dekayi
b639c34385,lampropeltis-triangulum
37169c7bb0,crotalus-atrox
3addd707c9,pituophis-catenifer
8cfc6dd3fc,storeria-dekayi
a2bfde867b,storeria-dekayi
22bddb0584,pantherophis-obsoletus
4190fde1f9,diadophis-punctatus
3d0d434f77,agkistrodon-contortrix
f01f1bf65f,agkistrodon-contortrix
5ac87d5d17,thamnophis-sirtalis
3e3c7d6a97,lampropeltis-triangulum
40b6a032cf,lampropeltis-triangulum
b68524273d,lampropeltis-triangulum
ab9310747f,pantherophis-obsoletus
cf0eb86b3b,pituophis-catenifer
e82ae7b777,crotalus-atrox
0124071f58,pantherophis-obsoletus
37acecc0dd,crotalus-horridus
23c8856939,storeria-dekayi
40ae26e406,crotalus-atrox
4af1ee7c2d,pituophis-catenifer
3fee6efbe8,pituophis-catenifer
2d29d24cdb,crotalus-atrox
0d39054a9c,storeria-dekayi
25f552c213,pantherophis-obsoletus
9a9ff1f37e,crotalus-atrox
9685d88cba,lampropeltis-triangulum
95f1a02753,pantherophis-alleghaniensis
c9cec706f3,pituophis-catenifer
d842503f72,pantherophis-alleghaniensis
3ae45feeeb,pantherophis-obsoletus
5179b57412,thamnophis-sirtalis
ff0d5db8c9,pantherophis-obsoletus
c47ad4521c,lampropeltis-triangulum
4086ec30bf,agkistrodon-contortrix
fb500e597c,pantherophis-guttatus
0fdca857ba,crotalus-atrox
16e3dff323,diadophis-punctatus
70463ea3f3,storeria-dekayi
9de805091c,pantherophis-obsoletus
3e2ba8887b,pantherophis-alleghaniensis
0a238c03e4,thamnophis-sirtalis
8c27c26f9f,crotalus-atrox
447e96a831,nerodia-sipedon
4c173568d9,pantherophis-alleghaniensis
5948054f6e,lampropeltis-triangulum
cfb9943f32,pantherophis-obsoletus
0989b197e5,nerodia-sipedon
93d698c9bb,crotalus-atrox
40ff71dcbb,pantherophis-obsoletus
ddb3ee4efc,storeria-dekayi
94b92dedec,nerodia-sipedon
14da1fc791,crotalus-atrox
e97587c12c,crotalus-horridus
50e33fc24f,storeria-dekayi
2d146d1f12,agkistrodon-contortrix
2e359108b2,pantherophis-vulpinus
55a884982c,pantherophis-alleghaniensis
cc40d66bfb,nerodia-sipedon
a8f470944a,diadophis-punctatus
b83f491562,lampropeltis-triangulum
45cdae2a4e,lampropeltis-triangulum
2c92500ad7,haldea-striatula
380f7deecf,nerodia-sipedon
9059623576,crotalus-atrox
276c2680f9,agkistrodon-contortrix
2fa9ef0310,opheodrys-aestivus
d0c7913d75,crotalus-atrox
9ce405566f,crotalus-atrox
c98b81ad8a,crotalus-atrox
e3aa373714,opheodrys-aestivus
1e4f536605,storeria-dekayi
ec209ef519,pantherophis-vulpinus
582700d0c7,crotalus-atrox
7727cb44a1,storeria-dekayi
bc92129dc2,diadophis-punctatus
d92656ecc3,nerodia-sipedon
d76ff1ac44,crotalus-atrox
3034db32e1,agkistrodon-contortrix
35b6982636,pituophis-catenifer
1ac3b66cc3,lampropeltis-triangulum
36534fcac5,crotalus-atrox
10b1acb0b6,agkistrodon-contortrix
54dcbb96e0,nerodia-sipedon
731da2fb12,pantherophis-obsoletus
dce52386f5,storeria-dekayi
18b89918ca,thamnophis-sirtalis
839899700a,pituophis-catenifer
84614e40b8,thamnophis-sirtalis
a7723f7ef4,pituophis-catenifer
1d8ea15457,lampropeltis-triangulum
a487c28099,crotalus-atrox
7240b699f4,diadophis-punctatus
8a759fc288,thamnophis-sirtalis
13b138dcc4,nerodia-sipedon
f7be9664a7,lampropeltis-triangulum
641a4f65bc,opheodrys-aestivus
bd4f7d349e,pantherophis-obsoletus
000e2d0a91,crotalus-atrox
ce502ba8a0,crotalus-atrox
97d93358ab,lampropeltis-triangulum
46f9560c99,pituophis-catenifer
5888a3e522,agkistrodon-contortrix
84d4a08b93,opheodrys-aestivus
8293286f7c,storeria-dekayi
4c01b5b8ba,thamnophis-sirtalis
13854590ea,pituophis-catenifer
1a019b53b3,pantherophis-obsoletus
7f2637a665,pituophis-catenifer
46d28d1bf2,pantherophis-vulpinus
ba4c35ebf2,storeria-dekayi
c4476648be,storeria-dekayi
0e8f2965b4,crotalus-atrox
e4bcba036b,nerodia-sipedon
dc6f3721ba,lampropeltis-triangulum
e9b8444822,lampropeltis-californiae
02eda2c865,pituophis-catenifer
32edd9e217,pituophis-catenifer
0a23c6dbed,pantherophis-obsoletus
0138d2cb1a,thamnophis-marcianus
a265b17556,thamnophis-sirtalis
5360e19610,crotalus-atrox
6929c425fd,pantherophis-obsoletus
d1006244a6,nerodia-sipedon
561e39734f,thamnophis-sirtalis
8f31a0a689,pituophis-catenifer
7012d40d2f,nerodia-sipedon
7a35c857bc,diadophis-punctatus
f77e1aa99f,thamnophis-sirtalis
75252599b9,lampropeltis-californiae
4af6d73d49,storeria-dekayi
cd7d579dab,pantherophis-obsoletus
7b0ad73599,crotalus-atrox
34b33a11fa,pantherophis-obsoletus
3170f538d1,nerodia-sipedon
8586ab31a9,thamnophis-sirtalis
08acf2e47d,nerodia-fasciata
b1286d3868,storeria-dekayi
2d0f08fa36,crotalus-atrox
a0b9ba917f,nerodia-erythrogaster
f40abd0edf,nerodia-erythrogaster
3bd72284b8,diadophis-punctatus
8b5cd0f884,crotalus-atrox
f8e59232c8,pantherophis-obsoletus
572c5c3520,pantherophis-vulpinus
957c00b573,crotalus-atrox
93e591cb23,pantherophis-obsoletus
68a603b39d,crotalus-atrox
4f472510f3,lampropeltis-triangulum
d6884444ae,crotalus-horridus
c0fa7df5de,pantherophis-obsoletus
